date,year,month,Reservas Internacionales Netas RIN = RIB - OECP,Reservas Internacionales Brutas RIB,Obligaciones con el exterior a corto plazo OECP,Crédito Neto al Sector Público CNSP,Total,col_8,col_9,BASE MONETARIA BM,Billetes y Mo- nedas en Poder del Público C,MN,UFV,ME,TOTAL
2004-01-01,2004,1,6995268.874000001,7952113.470000001,956844.5959999999,2459075.041,2496801.733,2328139.915,168661.818,4720874.01635,2690186.51022,638557.0220799999,,1392130.4834080003,2030687.5054880003
2004-02-01,2004,2,6760038.744999999,7707079.722999999,947040.9779999999,2460965.138,2551615.091,2347644.011,203971.08,4405797.485930001,2702238.812,635721.6176900001,,1067837.0563410001,1703558.6740310001
2004-03-01,2004,3,7004280.385,7909395.59,905115.2050000001,2026529.176,2611810.088,2388288.724,223521.364,4078583.8740800014,2494378.937,616152.7043399999,,968052.2994504005,1584205.0037904005
2004-04-01,2004,4,6243883.249000001,7065351.231000001,821467.9820000001,2344049.64,2924422.023,2668465.473,255956.55,4185355.8658100003,2672383.802,637007.52735,,875964.5361101995,1512972.0634601996
2004-05-01,2004,5,6459503.897000001,7276850.282000001,817346.385,2322713.1389999995,2651596.7309999997,2420688.962,230907.769,4205389.738370002,2607354.693,673688.40651,,924346.6397829999,1598035.0462929998
2004-06-01,2004,6,6373649.139,7249974.630000001,876325.4909999999,2149551.044999999,2473963.745,2610291.933,-136328.188,4328791.012231003,2777063.094,822795.1320600001,,728932.7924208,1551727.9244808
2004-07-01,2004,7,6816625.896000001,7655434.250000001,838808.354,2325825.213,2183913.193,2376140.119,-192226.926,4713664.0713468995,2969547.884,813738.3916099999,,930377.7948231,1744116.1864331
2004-08-01,2004,8,7147682.455,8023976.137,876293.682,2405307.8939999994,2160394.7909999997,2354809.303,-194414.512,4808487.16373,2953561.195,970428.8392,,884497.1292876003,1854925.9684876003
2004-09-01,2004,9,7585826.488,8749258.057,1163431.569,1888405.359,2169959.2019999996,2360895.101,-190935.899,4286032.18236,2995944.728,951501.1812,,338586.2733287999,1290087.4545288
2004-10-01,2004,10,7968009.9799999995,9132782.578,1164772.598,1787264.352,2179241.0439999998,2370034.846,-190793.802,4495132.3851,3118356.783,913714.99009,,463060.6115354999,1376775.6016254998
2004-11-01,2004,11,8496477.467,9734208.901,1237731.4340000001,1391265.9389999998,2188633.321,2373563.789,-184930.468,4433610.5057999985,3109938.392,936979.23436,,386692.8932558,1323672.1276158001
2004-12-01,2004,12,9031337.981,10224678.534,1193340.553,1905030.993,2182129.534,2458305.988,-276176.454,5769218.229119999,3865381.4359999998,1195564.0620799998,,708272.7303671999,1903836.7924471996
2005-01-01,2005,1,8179865.819999999,9323292.019,1143426.199,2149129.054,2110832.5373415,2379382.1282995003,-268549.590958,5163736.7333945,3320524.881,1116101.1314499998,,727110.720938,1843211.8523879997
2005-02-01,2005,2,8428292.953368599,9579055.876582399,1150762.9232138006,2138155.4665344004,2116340.9249796,2382469.2148508,-266128.28987120005,5310453.554716402,3272207.539220001,1064664.240969999,,973581.7745264,2038246.015496399
2005-03-01,2005,3,8366324.7488231985,9460857.476927198,1094532.7281039997,1594655.4839619999,2078737.2009812002,2340573.3805956,-261836.17961440003,4784778.380814002,3214677.4009000002,999975.4523099997,,570125.5276039998,1570100.9799139996
2005-04-01,2005,4,8906262.2316144,10077668.482668,1171406.2510536,1532264.1971796018,2086225.8392252,2333945.7515516,-247719.91232640005,5323960.937471202,3556461.51638,942919.3064199996,,824580.1146712002,1767499.4210911999
2005-05-01,2005,5,8840937.8495544,9958133.8985744,1117196.0490200003,1421268.7800812006,2132311.6254804,2357099.2362476,-224787.6107672,5139829.964567602,3552434.9242700003,912194.5855199995,,675200.4547775999,1587395.0402975995
2005-06-01,2005,6,9396650.5587056,10397272.508079201,1000621.9493736003,1194823.2034099442,2091503.6640659994,2324082.6177763995,-232578.9537104,5252920.763946777,3670032.08559,822222.8838500001,8123.9742755775,752541.8202312,1582888.6783567774
2005-07-01,2005,7,10044202.447163502,10987597.840520002,943395.3933565004,958881.8138673266,2063927.4131655004,2295422.5558085004,-231495.142643,5588425.794225161,3848861.81069,1181601.3118099999,8186.3849801601,549776.2867450002,1739563.98353516
2005-08-01,2005,8,10741173.7723631,11675622.3285394,934448.5561762999,697860.9508735372,2068229.6177248002,2295838.4415787,-227608.82385389996,5824177.827877982,4031246.70952,1132101.8989699993,23200.262276683203,637628.9571112999,1792931.1183579825
2005-09-01,2005,9,11148344.2514756,12015032.6634512,866688.4119755996,684844.8885778107,2075237.2631166,2299433.5338454,-224196.27072879998,5802837.375684511,4255116.3583700005,965983.8292599996,34421.234364510405,547315.9536899998,1547721.0173145097
2005-10-01,2005,10,12141657.459759997,12909864.849519998,768207.3897599999,260950.38407806822,2011828.8409800003,2266887.7471800004,-255058.9062,6291224.640300287,4406013.56545,1133481.0139000008,28460.781350287496,723269.2796000001,1885211.0748502887
2005-11-01,2005,11,13196180.05376,13921781.29208,725601.2383199998,156407.42023376306,2044144.8835399998,2273672.10371,-229527.22017000002,6972839.767907544,4504632.6917,1757029.97579,38967.5988175438,672209.5016,2468207.0762075437
2005-12-01,2005,12,13713292.655440003,14387087.775680002,673795.1202399998,688091.2781120898,2071439.2541300002,2296622.27143,-225183.0173,7882707.4211249985,5594201.0735100005,1710202.1113900004,29333.697664999814,548970.53856,2288506.3476150003
2006-01-01,2006,1,14587729.9892,14714299.3316,126569.34240000001,-1648687.4877806045,2114275.9948799997,2318365.1538299997,-204089.15894999998,7223601.1021286305,5086728.48994,1465318.5822299998,38634.76347863054,632919.26648,2136872.6121886303
2006-02-01,2006,2,14990601.474666702,15105361.178061001,114759.70339430001,-1861520.5366064245,2156549.3971356,2360409.5976783,-203860.20054269998,7476248.888785376,5120841.04471,1617798.02118,38855.088763776184,698754.7341316,2355407.844075376
2006-03-01,2006,3,16051614.3274276,16167929.2378781,116314.9104505,-3092549.6995381424,2106930.4973109,2307738.8156622,-200808.3183513,7109009.486362725,5009120.03952,1524519.9972199996,47087.3163933264,528282.1332293999,2099889.446842726
2006-04-01,2006,4,17644597.494134,17757974.478464402,113376.98433039998,-3801233.996305354,2057737.1183431998,2270096.4536268,-212359.3352836,7530126.929339103,5279907.0948,1611878.7606999993,50382.70299670225,587958.3708424001,2250219.8345391015
2006-05-01,2006,5,19114272.9039272,19208852.0531008,94579.14917359999,-4739770.101708679,2040605.7025151995,2248664.1293403995,-208058.42682520003,7802712.961726333,5454209.747020001,1684472.1665999994,67167.58351873195,596863.4645876,2348503.2147063315
2006-06-01,2006,6,19693618.620678406,19808932.740658805,115314.11998039999,-5224216.569520661,2104661.8024987997,2314047.3731644,-209385.5706656,8158118.56914649,5825656.9895,1590587.9211699995,64968.19276008958,676905.4657164001,2332461.579646489
2006-07-01,2006,7,21263532.7367,21377776.595278397,114243.85857839999,-6036423.085464029,2029819.2230087996,2248585.6194979995,-218766.3964892,8462535.495264685,6078312.85094,1736525.5300500004,68825.43160268581,578871.6826719999,2384222.644324686
2006-08-01,2006,8,22066547.459922,22128368.667456,61821.20753400001,-6696649.455051041,2034003.5030140001,2251674.7237565,-217671.2207425,8554734.471604578,6145235.160560001,1681453.6136699996,67572.92999058009,660472.767384,2409499.31104458
2006-09-01,2006,9,22937480.7200085,23037901.6065855,100420.886577,-7524650.331673229,2017883.6619065003,2232433.4577495004,-214549.795843,8639457.704694781,6338124.00585,1659781.9967800002,58347.856697779236,583203.8453670001,2301333.6988447793
2006-10-01,2006,10,23616860.571792,23713293.352476,96432.78068400003,-7851591.789040281,2035752.0625845005,2255212.2110910006,-219460.1485065,8713178.679910053,6453751.949630001,1575380.9233499998,60961.46883205283,623084.3380979999,2259426.7302800524
2006-11-01,2006,11,24412009.65687,24514905.6321315,102895.9752615,-7669077.864750569,2054292.778558,2270925.660417,-216632.88185899996,9151408.160220215,6743470.532009999,1684690.7145900012,70967.49820071316,652279.4154195001,2407937.6282102144
2006-12-01,2006,12,25209363.420006998,25327896.0867075,118532.66670049999,-6146738.898054233,2015642.5982008995,2238543.6198417996,-222901.02164090003,11227105.5593246,8012030.834029999,2428847.5763100004,70883.53650370621,715343.6124808998,3215074.7252946063
2007-01-01,2007,1,25626520.3901259,25745597.8739736,119077.48384769999,-7090939.044482092,2028701.4490119002,2240038.9334296,-211337.4844177,10183807.498882268,7449216.316060001,1996893.3645399993,72989.90792696715,664707.9103552997,2734591.182822266
2007-02-01,2007,2,26584574.340597898,26701643.7846822,117069.4440843,-7536965.33699384,2033257.7821990994,2256623.2304378995,-223365.4482388,10213553.011068853,7514709.73601,1957453.01471,73855.94576265108,667534.3145862003,2698843.2750588516
2007-03-01,2007,3,27872893.5892122,27988767.7443741,115874.1551619,-8373863.154802791,1993351.8087856998,2226971.3554404997,-233619.5466548,10376139.917006718,7746716.845889999,1820079.5367600003,87365.63049921757,721977.9038475002,2629423.071106718
2007-04-01,2007,4,29459327.773321502,29579574.2106444,120246.43732290002,-9355528.29347577,2019262.0957135002,2228683.8665053,-209421.77079179997,10696881.788542675,8073064.233689999,1878270.310730001,98715.07518657058,646832.1689361,2623817.5548526715
2007-05-01,2007,5,30226833.1475877,30341620.787673302,114787.6400856,-10035894.476221863,2089729.9068454,2293594.6884292,-203864.7815838,10813649.901187193,8281724.05291,1800650.2139799998,99611.44662519211,631664.187672,2531925.848277192
2007-06-01,2007,6,30542295.814040996,30519642.066203497,-22653.747837499996,-9203285.601446914,2035691.463153,2253624.399768,-217932.936615,11445518.94050364,8738273.05022,1815752.7320599996,103262.59222413719,788230.5659995,2707245.8902836367
2007-07-01,2007,7,31962351.3279819,31975925.4454878,13574.1175059,-9927077.914237889,2021864.9106748998,2243143.6716708997,-221278.760996,11875349.766756942,9260221.578419998,1870869.82015,98281.6418355453,645976.7263613999,2615128.188346945
2007-08-01,2007,8,33798421.44981299,33775033.4842383,-23387.9655747,-9554583.963636111,1936314.4790506002,2154572.5867551,-218258.10770450003,12915811.012455542,9971905.52606,2214474.57947,101705.19529934824,627725.7116262001,2943905.4863955486
2007-09-01,2007,9,36564980.3604867,36559785.3044304,-5195.056056299999,-9870916.829210717,1929687.0465467002,2178422.7559636002,-248735.70941689998,13736183.896679776,10449870.650780002,2261208.926169998,132141.4548435725,892962.8648861998,3286313.2458997704
2007-10-01,2007,10,37713248.7069416,37717054.0471283,3805.3401866999993,-10005800.813524056,1937542.5027903002,2171003.1148099,-233460.61201959997,13885139.795252513,10649343.374160001,2427350.13303,157508.8385105168,650937.449552,3235796.421092517
2007-11-01,2007,11,38751160.9542407,38751786.3952597,625.4410190000003,-9953057.916085223,2071741.0194585,2326120.2848727,-254379.2654142,14678431.552070566,11323176.733819999,2550165.42428,156998.9452081635,648090.4487624,3355254.8182505635
2007-12-01,2007,12,40266643.172985904,40261196.811808005,-5446.3611779,-8061803.475312286,2118621.2585100997,2417225.4733647997,-298604.21485469997,17458293.679011337,13117459.198669998,3351259.3790400005,180600.22732484245,808974.8739764999,4340834.480341343
2008-01-01,2008,1,42335484.89324101,42337186.49598481,1701.6027438000003,-8564985.612932537,1884141.5839312,2137967.4517249,-253825.86779370002,16826562.935583808,12516286.44007,3050570.3634499987,299058.4370102127,960647.6950536004,4310276.495513812
2008-02-01,2008,2,44894894.985563,44890107.5758982,-4787.4096648,-9421012.161393525,1932302.0143056002,2185143.7397901,-252841.7254845,16745505.719750928,12643590.09924,3096325.909870001,295768.0788482273,709821.6317927,4101915.6205109283
2008-03-01,2008,3,46116177.906789996,46116009.251466,-168.65532400000004,-10573579.826327436,2049594.3630499998,2298075.655612,-248481.292562,16773011.513383413,12680024.97686,3038073.2314399993,451275.581197417,603637.7238859999,4092986.536523416
2008-04-01,2008,4,47546698.43895,47514383.623777,-32314.815173,-11186029.261762958,2011227.8621220004,2260966.8250470003,-249738.96292499994,17497045.925457984,13383022.105399998,2971239.981790001,587445.8473939934,555337.9908740001,4114023.8200579947
2008-05-01,2008,5,49232111.279997796,49227465.51844449,-4645.7615533,-11184796.82146825,1881605.1350755002,2124030.2880286,-242425.15295309998,18911086.520149052,14063595.18026,3350669.594730001,572261.5857368537,924560.1594222002,4847491.339889055
2008-06-01,2008,6,50703496.4178736,50682503.1970552,-20993.2208184,-11849873.762466978,1766682.9399808,1980484.6049116,-213801.66493080003,18962274.45088405,14521846.37502,3087124.713520002,630666.3379520526,722637.0243919999,4440428.075864054
2008-07-01,2008,7,52368312.08132479,52363341.169638395,-4970.9116864,-13080949.810422665,1853807.6409936,2117866.5755908,-264058.93459719996,19309951.186394397,15009406.58718,3064242.63633,640929.2395499997,595372.7233344001,4300544.5992144
2008-08-01,2008,8,53884912.2276957,53890413.739977404,5501.512281699999,-13971224.82007793,1737047.2095357,2005805.5547537,-268758.345218,20187366.12536823,15397188.960959999,3347737.0777099994,746115.2355047303,696324.8511934999,4790177.164408229
2008-09-01,2008,9,54597024.9967719,54586906.4633193,-10118.533452600002,-13948736.55482554,1713620.0604930003,1982663.0616327003,-269043.0011397,20564328.966560982,15514641.440770002,3546404.5144899976,703712.4588084822,799570.5524925002,5049687.52579098
2008-10-01,2008,10,52535528.29959459,52525111.13477589,-10417.1648187,-13577531.018219298,1833771.1876761,2102876.9833696,-269105.79569349997,20079594.821614295,14967641.96504,3512353.7704599993,735698.7619484982,863900.3241658,5111952.856574297
2008-11-01,2008,11,53095749.3488574,53076840.7992035,-18908.5496539,-13789405.47494192,1743601.5768749001,2089590.8416293,-345989.2647544,19921164.32112386,14762394.12612,3273871.2473100005,690758.7183258686,1194140.2293680003,5158770.195003869
2008-12-01,2008,12,53822520.3590656,53823581.0828002,1060.7237346000002,-11931858.23676322,1681223.1419049997,1961184.7071947998,-279961.5652898,22292500.307408802,15807424.18834,4063848.0130299977,844505.4912741904,1576722.6147645996,6485076.119068788
2009-01-01,2009,1,54251012.1629977,54248053.7019594,-2958.4610383,-12564234.71705419,1673697.508357,1935354.4019375,-261656.8935805,21540969.36295285,14648960.863920001,4102410.8382300013,619401.2000857496,2170196.4607170997,6892008.49903285
2009-02-01,2009,2,53523404.580979005,53519239.1879798,-4165.3929992,-13157015.446541928,1687385.5273608002,1959953.9158817,-272568.3885209,20230765.69674505,14188880.600419998,4153121.903200002,622988.0285391536,1265775.1645858998,6041885.096325055
2009-03-01,2009,3,54121841.50213829,54102540.615366384,-19300.886771899997,-13994098.295523074,1668653.7564453,1935427.3287076,-266773.57226229995,19820482.065121077,13713708.760710003,3845706.7821099977,610723.2487319765,1650343.2735690996,6106773.304411074
2009-04-01,2009,4,53949109.53133671,53946332.16909011,-2777.3622465999983,-15092949.14428364,1668955.8846503003,1935510.0886447001,-266554.2039944,19286560.879350983,13695525.21408,3689997.0185999987,565482.938925787,1335555.7077451996,5591035.665270986
2009-05-01,2009,5,55025195.4693447,55021950.8438741,-3244.6254705999995,-16211804.937160678,1661636.8732587,1935835.7677691,-274198.89451039996,19348027.533117093,13854831.21521,3851984.625749999,512131.88542559335,1129079.8067315002,5493196.317907093
2009-06-01,2009,6,55450854.6851413,55442875.591960505,-7979.0931808000005,-15645075.490415856,1659001.7236321,1935762.5045232,-276760.7808911,21046297.231696334,14029722.305730002,5315807.05205,486968.86862883426,1213799.0052874999,7016574.9259663345
2009-07-01,2009,7,55817106.4885071,55798882.6414034,-18223.8471037,-16557844.935554955,1634425.1234287003,1935755.0272466002,-301329.9038179,21660379.04218524,14112625.43587,5841669.39163,455322.5662931409,1250761.6483921,7547753.606315241
2009-08-01,2009,8,57920765.529082306,57900258.155314304,-20507.373767999998,-16285247.744686084,1385771.9800684,1700106.4729304002,-314334.492862,22566202.737269364,14185761.67061,6549574.042990002,452610.27209837246,1378256.7515709996,8380441.066659374
2009-09-01,2009,9,58920584.87521691,58920080.131236106,-504.74398079999906,-15842018.450560136,1377463.5041486002,1700316.6055997002,-322853.10145109997,24306220.993078064,14321078.065699998,7895932.401440001,460313.78187046386,1628896.7442275996,9985142.927538065
2009-10-01,2009,10,59936142.146373294,59924216.082359195,-11926.0640141,-14869605.046034338,1402107.2953981,1700579.5632153,-298472.2678172,26471486.63113928,14950892.71957,9204172.2542,443884.7978779788,1872536.8594912998,11520593.911569279
2009-11-01,2009,11,61058361.7711702,61060341.5264852,1979.755315,-14810160.829222972,1382130.0185341001,1700708.6289354002,-318578.6104013,26908051.625143986,15156235.17367,9316923.31685,411197.88645699027,2023695.2481669998,11751816.451473989
2009-12-01,2009,12,59803315.5314178,59806022.747445,2707.2160271999996,-12037861.6401027,1363710.9500244004,1700107.7628236003,-336396.8127992,29568091.27885045,17079537.462860003,10203934.39941,417021.8694749489,1867597.5471055,12488553.81599045
2010-01-01,2010,1,59651821.74669059,59651552.06142929,-269.68526130000004,-12046325.54996266,1345657.6847679005,1699841.7802548003,-354184.09548689995,31352859.707103126,16393511.08664,12114576.309049997,392771.47833741567,2452000.8330757003,14959348.620463114
2010-02-01,2010,2,59408860.21020481,59408061.42827061,-798.7819341999998,-11898433.159611983,1166485.3413148,1515613.7088330002,-349128.36751819996,31866325.291083455,16132999.433329998,12246473.532550002,282464.49488395645,3204387.8303195,15733325.857753458
2010-03-01,2010,3,58877965.4917717,58886237.6344205,8272.142648799998,-12534189.589627642,1191800.7341219997,1514661.9388680998,-322861.2047461,31734835.493930407,16082227.919079999,11958110.130229997,192091.3964686122,3502406.0481518,15652607.574850408
2010-04-01,2010,4,58828476.1715284,58827997.5397465,-478.63178189999985,-14535737.46891183,1170983.7520394996,1514533.3334973997,-343549.58145790006,30157232.277248345,16364132.443359997,10513347.35373,260083.53170904994,3019668.9484493006,13793099.833888352
2010-05-01,2010,5,58936172.482151896,58940264.37155239,4091.8894005000006,-14921374.404462183,1166095.6339953,1513740.716547,-347645.0825517,30403324.39464753,16657145.177979996,10766871.81593,282885.6312478378,2696421.7694897004,13746179.216667537
2010-06-01,2010,6,59505108.00685209,59499653.68367549,-5454.3231766,-16051877.890473671,1186149.2433836,1510981.1672931,-324831.9239095,29903289.47003326,16848030.620670002,10008424.41669,254110.3626714579,2792724.0704218,13055258.849783257
2010-07-01,2010,7,60059586.2137612,60062575.498927504,2989.2851662999997,-17451955.82385318,1149029.1973255998,1511699.0651925,-362669.8678669,28898700.552043095,17128771.923070002,8841676.809060002,251872.78154799348,2676379.0383650996,11769928.628973095
2010-08-01,2010,8,60898116.20763529,60907225.103593394,9108.8959581,-18695844.246511422,1162700.4061178998,1511360.9069299998,-348660.5008121,28619650.201445952,17032519.319649994,8604347.346540002,248268.4684988637,2734515.0667570997,11587130.881795965
2010-09-01,2010,9,63137501.55058539,63137186.83264199,-314.7179434000002,-19622556.781357232,1181413.0452564997,1512135.1419878998,-330722.0967314,28656142.154223897,17150346.00035,8352654.835729999,246166.38276368953,2906974.9353802004,11505796.153873889
2010-10-01,2010,10,64177562.38611329,64175800.35610359,-1762.0300096999997,-20206230.80706449,1158325.5548749,1512377.547645,-354051.9927701,28178482.85558079,17589633.62561,7247625.952709995,237546.6285525012,3103676.6487083,10588849.229970796
2010-11-01,2010,11,64544092.5821928,64546841.0927352,2748.5105424,-20380590.815921824,1158087.941922,1509561.1879136,-351473.2459916,28789856.249272317,18243160.44562,7214076.036860002,234874.6583395009,3097745.1084527997,10546695.803652301
2010-12-01,2010,12,67523803.824118,67527617.5430942,3813.7189762,-19033717.01839091,1292932.4461788,1540134.0896598,-247201.64348099998,32577475.38114074,22484783.98672,8624557.009140002,256637.34604393388,1211497.0392368005,10092691.394420736
2011-01-01,2011,1,69511895.2114114,69509261.3539236,-2633.8574878000004,-20395683.250634994,1165866.7598908,1505481.9798652001,-339615.21997440007,32958579.07445322,21237391.72295,8617750.610579997,251430.48212261676,2852006.2588005997,11721187.351503214
2011-02-01,2011,2,71670840.316464,71665470.51334281,-5369.803121199999,-21398482.90885334,1166556.3279628,1501259.82685,-334703.4988872,32753997.521922406,20926812.82221,8136049.98116,265121.6025388055,3426013.1160135996,11827184.699712405
2011-03-01,2011,3,72352563.36616799,72345938.155425,-6625.210743000001,-20515376.43773709,1096133.1636680001,1497238.2001820002,-401105.036514,33318498.85592503,20716928.90821,8174943.763140004,278643.5123370285,4147982.6722379997,12601569.947715033
2011-04-01,2011,4,74080943.33138071,74069133.9364223,-11809.3949584,-22720668.638767067,1135944.2014239,1520633.0068843,-384688.8054604,30179544.053439453,21172658.70198,5699656.72581,111465.42423035669,3195763.2014191,9006885.351459457
2011-05-01,2011,5,73562654.61661871,73562133.8505066,-520.7661121,-24039985.288323496,1298665.8079592003,1620241.5905833002,-321575.7826241,29387941.461732715,21479375.922189996,5167255.439100002,98107.2005428195,2643202.8998999004,7908565.539542722
2011-06-01,2011,6,73969250.2946416,73968047.6186976,-1202.675944,-23153205.90938243,1135081.8582756,1460588.7445968,-325506.8863212,31157768.917289414,22239756.138600003,6136590.470869995,69817.43022101975,2711604.8775983993,8918012.778689414
2011-07-01,2011,7,75822954.1636005,75821999.9971323,-954.1664682000005,-24583659.83978559,1190864.9637164,1508389.4992814,-317524.53556499997,31437502.481094018,22681374.29983,6277736.821129997,54931.04217331457,2423460.3179607,8756128.181264013
2011-08-01,2011,8,79912282.31636249,79934836.42214459,22554.1057821,-25793166.578589763,1181444.8711160002,1458493.8687824002,-277048.99766640004,32635139.769102376,22914441.0584,7027370.759889998,55045.69011188507,2638282.2607005006,9720698.710702382
2011-09-01,2011,9,78373953.3858555,78372482.6017077,-1470.7841478,-26182201.18724043,1173214.8700196003,1457809.1994299002,-284594.3294103,34320068.2000884,23192246.391119998,7993729.047470001,55712.64191019726,3078380.1195882005,11127821.808968399
2011-10-01,2011,10,81771252.4346034,81772444.48869899,1192.0540956000002,-26496707.4570779,1180401.0879733004,1458264.1479362003,-277863.0599629,35375422.90739447,23424677.09819,8556878.426620001,56161.2235162797,3337706.1590682007,11950745.809204482
2011-11-01,2011,11,83107108.797405,83105865.0028474,-1243.7945576,-25953885.43883813,1033806.9248980003,1455491.2160748004,-421684.29117680003,37694737.93002285,23472053.859399997,10461719.584040005,54875.6668124547,3706088.8197704004,14222684.070622861
2011-12-01,2011,12,82447240.1782484,82450478.7072792,3238.5290308000003,-23173066.22482226,1072530.0812348002,1455186.7457450002,-382656.66451020003,41768104.04689797,25813629.415529996,12218148.283860004,57708.936864969255,3678617.4106430006,15954474.631367972
2012-01-01,2012,1,85674111.63985379,85675432.7217096,1321.0818558000005,-26541033.333452713,1059573.827183,1455326.5323080001,-395752.70512500004,39518452.97021008,24903078.67047,10722172.879490001,62125.28306949615,3831076.1371806012,14615374.299740098
2012-02-01,2012,2,87390352.75366059,87388218.98749879,-2133.7661617999997,-27446881.256784026,1065606.3085166002,1455591.3235746003,-389985.01505800005,39171409.39376794,24625366.599209998,10798646.555350002,63838.21965813685,3683558.0195498005,14546042.794557938
2012-03-01,2012,3,87442024.061651,87434750.5756998,-7273.485951200001,-27543760.440351926,1051593.379506,1455463.334771,-403869.955265,39703293.30210994,24540510.893769998,10817825.463840004,64742.638359954595,4280214.30613,15162782.40832996
2012-04-01,2012,4,86251619.4055838,86251832.2078602,212.8022764000001,-28166397.39273862,1055430.4774048,1455419.0896918,-399988.61228700005,38023309.60107171,24721194.540100005,9667744.861239998,64951.99808311033,3569418.2016486,13302115.060971709
2012-05-01,2012,5,85214076.99223019,85215126.911663,1049.9194327999999,-29605296.7170398,1066103.0537634003,1454734.2089694003,-388631.155206,36725834.41552426,24672153.35703,9347517.094189996,65191.796631263736,2640972.1676729997,12053681.058494259
2012-06-01,2012,6,85336746.0290982,85327100.0404788,-9645.988619400003,-29131072.705202684,1183071.672702,1454791.0737732,-271719.40107120003,37503828.244931765,25236765.71781,9805654.677520001,57843.27331336349,2403564.5762883998,12267062.527121766
2012-07-01,2012,7,87451191.02175261,87446507.52461681,-4683.497135799999,-31072632.893457986,1176639.3959552,1454639.3283094,-277999.9323542,36976145.65464319,25355066.91542,8751113.465180004,58063.852470595535,2811901.4215726,11621078.739223199
2012-08-01,2012,8,89616978.6673434,89616536.3628752,-442.30446820000003,-32641457.860811513,1181724.9944386003,1454840.3227422002,-273115.3283036,37915235.26825012,25426304.4115,9821254.877410002,57052.96568692622,2610623.0136532,12488930.856750129
2012-09-01,2012,9,92056102.9511942,92054803.1813004,-1299.7698937999996,-31624133.68182799,1184212.7410716002,1455161.2378640003,-270948.4967924,39808812.685307235,25897634.73332,9829174.63964,55783.209057241795,4026220.10329,13911177.95198724
2012-10-01,2012,10,94474217.46729541,94475395.6017746,1178.1344792,-35032581.714719,1203894.0844162002,1455197.3567930001,-251303.2723768,39897674.00011826,26314863.11214,9616782.45714,31859.521620858897,3934168.9092174,13582810.88797826
2012-11-01,2012,11,95530938.1199796,95528814.978723,-2123.1412566,-34484140.43676071,1227195.4815882004,1455208.2442990004,-228012.76271080002,42290006.62329362,26514101.97672,11385987.314429998,30448.3475904269,4359468.984553201,15775904.646573626
2012-12-01,2012,12,95537302.47366062,95536782.48030981,-519.9933508000001,-29315840.06477908,1230435.4774110003,1455405.7225702002,-224970.2451592,48670600.37591682,29304721.410129998,15940434.778550003,30557.117748228604,3394887.069488601,19365878.965786833
2013-01-01,2013,1,96376112.25623919,96374004.75969279,-2107.4965463999997,-31541942.457583632,1137182.9219524001,1455685.8809914002,-318502.95903900004,45853153.17179366,28012281.894219995,14417852.32774,30671.148241275,3392347.8015924008,17840871.27757368
2013-02-01,2013,2,96730242.8236326,96731574.4498572,1331.6262246000001,-33255567.942846306,1210416.4105458,1455332.2267254002,-244915.8161796,45106015.34060633,27306081.07308,13833117.40926,30791.287510734604,3936025.5707556005,17799934.267526332
2013-03-01,2013,3,97327463.7450822,97333384.0336074,5920.2885252,-34246472.31551218,1203895.5664372002,1455050.1896246,-251154.6231874,43142448.600577846,27228804.140340004,12011812.787109997,30903.621121443994,3870928.0520064007,15913644.460237842
2013-04-01,2013,4,97454960.6663766,97453275.87232861,-1684.7940479999995,-36347891.509988785,1219792.6225956,1455308.3172244001,-235515.6946288,41892660.60138217,27317810.70501,10754521.322739998,27673.3620001768,3792655.211632,14574849.896372175
2013-05-01,2013,5,96092336.8514704,96088896.8845764,-3439.9668940000006,-36985881.54332412,1232462.1833268004,1455179.3535462003,-222717.1702194,41468493.12613647,27559287.579709996,10232972.262030002,27785.905764474395,3648447.3786320006,13909205.546426475
2013-06-01,2013,6,95708681.97789781,95704237.555535,-4444.4223628,-35653628.517633736,1239326.3294770003,1455262.1489094002,-215935.81943240002,43314165.69371894,28006657.39683,11252832.462569999,27889.070881747197,4026786.7634372003,15307508.296888946
2013-07-01,2013,7,98170942.57557862,98170463.09937721,-479.4762013999997,-37909190.04634315,1229150.459713,1455436.2945718002,-226285.8348588,42593305.94674991,28120126.41474,10440139.547669997,27960.158035716904,4005079.8263042,14473179.532009915
2013-08-01,2013,8,98792861.25003259,98793498.707575,637.4575423999997,-41299918.69649839,1235258.4780400002,1455424.0372136002,-220165.5591736,43705429.03646422,28193829.79869,11849310.930580005,28020.3498280251,3634267.9573662006,15511599.23777423
2013-09-01,2013,9,99590410.04991259,99583003.25172919,-7406.7981834,-41345434.098601684,1212527.7407918002,1455642.4204218,-243114.67963,42603226.65987318,28401661.837819997,10705070.708770005,28155.2812173906,3468338.8320658007,14201564.822053196
2013-10-01,2013,10,97754840.11068721,97752221.76331781,-2618.3473694000004,-41671917.323780075,5343255.0594076,1455809.7306768002,3887445.3287307997,43193946.0143068,28843926.220980003,10617702.046740001,28311.3191928021,3704006.427394,14350019.793326803
2013-11-01,2013,11,97605235.38603319,97600648.98410259,-4586.4019306,-41205002.82431482,5631333.0744992,1748697.2189334002,3882635.8555658,43378118.544281475,29206523.124009997,10142645.200160006,28474.4429506719,4000475.7771608005,14171595.420271479
2013-12-01,2013,12,98990791.74601541,98990999.41660021,207.67058480000077,-33813097.812691644,5303659.6270042,1455395.3308364,3848264.2961677997,51605915.081477314,32716398.74058,14813900.084490003,27476.5785537042,4048139.6778536006,18889516.340897307
2014-01-01,2014,1,99603166.45877779,99602092.71175238,-1073.7470254000002,-35379873.6577945,5304249.3252588,1455196.925299,3849052.3999598,46502025.808538094,31188644.1946,11239953.494750004,27622.932879897002,4045805.186308201,15313381.613938102
2014-02-01,2014,2,99865788.68550758,99864320.07153139,-1468.6139762000005,-35909120.43138215,5305383.9333538,1455320.3301819998,3850063.6031718003,44971025.89274381,30835216.29774,10262956.105999997,27763.0685934156,3845090.4204104003,14135809.595003814
2014-03-01,2014,3,99405215.21095201,99401889.07183221,-3326.1391198,-37354259.68519002,5514984.8599088,1485463.4358644,4029521.4240444,43583380.12966055,30229381.528079998,10354326.961649995,27900.601166744997,2971771.0387638006,13353998.601580542
2014-04-01,2014,4,99696557.95711218,99680983.85771538,-15574.0993968,-38644746.60787874,6168352.4547434,1552517.7936856,4615834.6610578,44933133.215966776,30314577.33288,11371539.728079999,31050.866901972997,3215965.2881048,14618555.883086773
2014-05-01,2014,5,99749116.8407146,99745997.6674518,-3119.1732627999995,-39922868.134744726,6496292.3117376,1757257.7678264,4739034.5439112,44710185.83521187,30550862.265150003,11412084.191189999,30501.604304283,2716737.7745676003,14159323.570061883
2014-06-01,2014,6,101588719.09253618,101586518.36852118,-2200.724015,-39064965.9286077,6179030.0244424,1456416.1011088,4722613.9233336,46248208.12498999,31016997.8293,12412856.090530002,30664.730393974594,2787689.474766,15231210.295689978
2014-07-01,2014,7,102031406.32493201,102032390.6106974,984.2857654000009,-41939025.653691,6781553.544473,2806673.4866512,3974880.0578217995,45999454.65678011,31008182.134150002,12531389.397500005,36780.6246877024,2423102.5004424006,14991272.522630109
2014-08-01,2014,8,105610887.3750364,105618557.605246,7670.230209600001,-44207526.102950044,5950919.2702682,2057913.1795748,3893006.0906934,47132791.28522356,31293199.733649995,13344997.820989998,36985.6419779752,2457608.0886056,15839591.551573573
2014-09-01,2014,9,104764912.03687602,104766010.80993602,1098.7730600000002,-42349181.19899059,5297125.7624688,1452862.4834118,3844263.279057,48305382.1367247,31388003.264030006,14502469.105579998,37197.7545843048,2377712.0125304004,16917378.872694705
2014-10-01,2014,10,105552974.55737442,105552401.87641102,-572.6809633999999,-40838065.70973182,5804715.9763082005,1912974.3115786002,3891741.6647296,51843439.063143305,31935587.07681,17248498.10818,37647.7213157156,2621706.1568376007,19907851.986333318
2014-11-01,2014,11,106174945.63310461,106176007.19018441,1061.5570797999999,-40093649.96634788,5313323.9173336,1432116.1975214,3881207.7198122,52751707.84305644,32282778.901520003,17340563.07986,37758.770433439604,3090607.0912430007,20468928.94153644
2014-12-01,2014,12,103742696.92378622,103744837.73194382,2140.8081576,-29328915.759721372,5371426.261263801,1493735.3271340001,3877690.9341298,61256800.38181533,36670596.130389996,21142619.85052,37892.97046892641,3405691.4304364,24586204.251425326
2015-01-01,2015,1,103497931.97396381,103498942.49881761,1010.5248537999997,-31461852.360015273,5265640.0975252,1400940.2020552,3864699.8954700003,58118611.38141999,34911155.65037,19109790.88414,39544.3417103932,4058120.5051996005,23207455.731049992
2015-02-01,2015,2,103884496.26793,103884497.8766,1.6086700000001584,-31891980.87247932,5265659.5483,1396817.4430344002,3868842.1052655997,56149437.725975215,33839186.080850005,17379250.531609997,41731.6473880083,4889269.466127201,22310251.645125207
2015-03-01,2015,3,102677273.850032,102677479.659636,205.8096039999998,-31100461.763368092,5231656.3400962,1396526.4081670002,3835129.9319291995,53168353.856128395,33144828.9108,14793147.488739997,41927.941192388396,5188449.515396,20023524.945328385
2015-04-01,2015,4,101809080.74298641,101812620.6681752,3539.925188800001,-33126363.105549008,5740723.645561,1885810.8468988002,3854912.7986622,52657881.86656551,32939508.605849996,14939320.54203,41845.945945132,4737206.7727404,19718373.260715533
2015-05-01,2015,5,100483061.15700999,100483509.4756402,448.31863020000014,-31763446.206964374,5242366.8963677995,1394579.9876982002,3847786.9086696,52892309.27719936,33434673.94484999,14870552.447340004,50005.86690216119,4537077.018107201,19457635.332349367
2015-06-01,2015,6,100896457.61278723,100899329.54684803,2871.9340608,-31746886.380987838,5285846.090923,1398578.0964030002,3887267.99452,55576847.90672904,33398302.91422,17223465.614419997,50184.4905726474,4904894.8875164,22178544.992509045
2015-07-01,2015,7,99374487.37999299,99374474.78736539,-12.592627600000007,-33903953.37919872,5273057.604854001,1397312.6024992,3875745.0023548002,54704039.467584014,33224316.824609995,16299438.352880001,43320.300648625,5136963.9894453995,21479722.642974027
2015-08-01,2015,8,98459249.8059702,98461760.1750188,2510.3690486000005,-34604179.077711254,5269571.9942732,1397170.6448834,3872401.3493898,54681517.67229295,32988557.994769998,17468749.092400003,44278.8658869508,4179931.719236,21692959.677522954
2015-09-01,2015,9,97595667.3362748,97612467.31266381,16799.976389,-33442229.593978196,5266104.5691132,1401343.2579252,3864761.311188,57953789.50919171,32688028.515059996,20459154.512100007,45015.6266313248,4761590.855400401,25265760.994131733
2015-10-01,2015,10,95814691.3393712,95816741.9471724,2050.6078012,-31437801.849881683,5265186.119495801,1400668.0848876003,3864518.0346082,60037293.180466115,33217098.091510005,22502183.24928,45149.90078512081,4272861.938891,26820195.08895612
2015-11-01,2015,11,92805007.8631606,92806132.52771279,1124.6645522,-29994733.169060737,5352816.5501878,1400269.6160208,3952546.9341670005,61589850.563890606,33019796.193630006,23892877.415149994,45312.7623394024,4631864.192771201,28570054.370260596
2015-12-01,2015,12,89563474.4362274,89565137.047162,1662.6109345999998,-15862082.772082074,5214597.2507601995,1400672.2407826001,3813925.0099775996,71566553.77758682,37180572.12282,29493852.918660004,63969.1511280192,4828159.5849788,34385981.65476683
2016-01-01,2016,1,87933607.66624978,87933513.97175238,-93.69449739999988,-20011825.010876417,5206729.081969201,1398900.9644668002,3807828.1175024,66595033.79912484,35577112.55578,26641069.41608,63922.5001248288,4312929.327140001,31017921.24334483
2016-02-01,2016,2,87721448.27468121,87721372.9415912,-75.33309000000008,-20263734.654778786,5305418.8961507995,1507138.8313698,3798280.0647809994,63175544.665872686,34418166.20534,24210453.679599993,64067.72881726799,4482857.0521154,28757378.46053266
2016-03-01,2016,3,85631724.88594781,85632555.70548701,830.8195392000002,-19957445.178932104,5304856.954141401,1508183.0400764004,3796673.914065,59674575.930174425,33566097.98129001,21745372.34937999,78205.91323721151,4284899.686267201,26108477.9488844
2016-04-01,2016,4,83920036.2442372,83920819.763116,783.5188788,-19968056.496929783,5312908.422502601,1518907.8456752,3794000.5768274004,57933897.32151783,33817622.58896001,20316076.462009996,78500.94306121461,3721697.3274866003,24116274.73255781
2016-05-01,2016,5,80434841.971379,80435167.8213104,325.8499314,-18301957.266816635,5187740.3363206005,1398940.0874182002,3788800.2489024,58038480.4226818,33416416.574129995,20481868.43906,78362.20561300562,4061833.2038788013,24622063.848551806
2016-06-01,2016,6,79637660.3813308,79638128.078775,467.6974442,-16747772.520208973,5183011.744117601,1395072.1243726,3787939.6197450003,57272583.60480824,33582811.66214,19402300.328840002,78884.3678308336,4208587.245997401,23689771.942668237
2016-07-01,2016,7,79232441.79837002,79232449.91443601,8.116066,-18024699.47628753,5172443.4986542,1394127.8719894001,3778315.6266648,57778740.07233934,33834368.99063,19652391.980029996,79288.6291391415,4212690.472540201,23944371.081709336
2016-08-01,2016,8,77233518.73018041,77236996.73508841,3478.0049080000003,-16663921.395537145,5174829.684472,1395079.2928254001,3779750.3916466003,57714220.39191235,33461774.861239992,19953007.10365,79621.6075733567,4219816.819449001,24252445.530672356
2016-09-01,2016,9,75726330.94777521,75728289.26689881,1958.3191236,-15085995.156880133,5134384.4667688,1394744.1179748,3739640.348794,58538723.864955515,33518424.60337001,20704645.89835999,80141.34610310232,4235512.017122401,25020299.261585496
2016-10-01,2016,10,73362809.61576,73362816.1810544,6.5652944,-13282205.899796352,5328415.4647332,1532467.9061050003,3795947.5586281996,58494781.79564352,33970004.68557,20237380.125759996,80825.6199741203,4206571.3643394,24524777.110073518
2016-11-01,2016,11,71022361.1918982,71022368.9828002,7.790902000000001,-11924632.247010611,5416988.3127438,1621714.2475352,3795274.0652085994,57913366.44742693,33844037.02257999,19406739.946510006,80407.8531451383,4582181.6251918,24069329.424846943
2016-12-01,2016,12,69155386.2087564,69158211.11511621,2824.9063598000002,-5321267.392375469,5280739.6013034005,1610556.7081674,3670182.8931360003,63139495.371858165,37020091.50814999,21129861.599250007,80219.09108258011,4909323.173375601,26119403.86370819
2017-01-01,2017,1,67493198.1131002,67493215.9024522,17.789351999999997,-6411555.715038907,5062703.916163,1393612.4379318,3669091.4782312,58520639.442832105,35403390.80421,18780293.014269996,80478.6615539118,4256476.962798201,23117248.63862211
2017-02-01,2017,2,67261085.899707,67261099.4616526,13.561945600000001,-6040074.086473461,5155735.170693601,1487320.3978792,3668414.7728144,57957263.00420871,35129381.49099001,17999577.69710999,80689.86256330262,4747613.953545401,22827881.513218693
2017-03-01,2017,3,70389237.39858921,70391019.28743081,1781.8888416000002,-12531037.347315956,5178571.1466728,1510415.7588524001,3668155.3878204,55134025.09575858,34065441.40784,17061863.038020004,80956.4484527784,3925764.2014458007,21068583.68791858
2017-04-01,2017,4,68772835.6859726,68773599.0529154,763.3669428,-14018335.236645702,7222901.3711506,3555541.359255,3667360.0118956002,54027591.498366706,34439532.97722,15405464.480200002,82529.8321971014,4100064.2087496,19588058.521146704
2017-05-01,2017,5,70340240.16305159,70340254.297327,14.1342754,-14471898.039667662,6935907.9700746,3270155.7732742,3665752.1968003996,56458957.319403686,34087997.1773,16068657.39596,80795.1781280769,6221507.5680156015,22370960.14210368
2017-06-01,2017,6,70697392.7395596,70697828.2330082,435.4934486000001,-12802391.873709735,7273096.8652988,3608627.4949402,3664469.3703586003,58887261.7955468,34652794.311840005,18384683.01281,81129.5152135859,5768654.955683202,24234467.483706787
2017-07-01,2017,7,71054882.88287899,71055446.30716419,563.4242852,-12825424.93539036,6786424.5671198,3135436.9874847997,3650987.5796350003,58553422.85415209,34823178.59272,18033012.34126,81461.1546062898,5615770.7655658,23730244.26143209
2017-08-01,2017,8,71702033.85951059,71702338.1967564,304.3372458,-12367107.188315645,6985285.795689399,3335653.221064,3649632.5746253994,59464875.0183056,34665364.868080005,18388071.91776,81617.8234331973,6329820.409032401,24799510.1502256
2017-09-01,2017,9,69488690.2660286,69489155.6539166,465.38788800000003,-7751136.52821409,7025301.9552414,3416168.1164698,3609133.8387716,61844478.8270248,35234078.99687,20295512.323259998,82095.9306415908,6232791.576253201,26610399.83015479
2017-10-01,2017,10,68149599.51312098,68149861.84480318,262.3316822,-5656510.653178327,7030958.853677001,3427881.3007938,3603077.5528832003,63339808.31598985,35780888.70531999,20737804.62897001,82765.3292164562,6738349.652483401,27558919.610669866
2017-11-01,2017,11,72934289.08317159,72934429.9838672,140.9006956,-5968685.948722523,2399484.195487,3236116.9530464,-836632.7575594,63471131.45517735,36246258.379250005,20354943.941269998,83494.2914567582,6786434.843200602,27224873.075927358
2017-12-01,2017,12,70387965.2819728,70387973.9297574,8.6477846,3023461.3762339465,2506507.7740702005,3471293.7013006,-964785.9272303998,69565526.13536613,40370823.73932001,22515069.433449995,83905.02707770822,6595727.9355184,29194702.396046102
2018-01-01,2018,1,70150617.699673,70150634.0952788,16.395605800000002,736419.9407096282,333585.94049179996,1474893.1910642,-1141307.2505724,63930377.75670374,38657469.16738999,19040883.414060004,85173.198081561,6146851.9771722015,25272908.589313768
2018-02-01,2018,2,68359503.1042728,68362815.9900098,3312.885737,113671.6114281714,329433.1863092,1472848.4502818,-1143415.2639726,62011413.864181235,37637561.247430004,18580035.68290999,85393.9850378328,5708422.9488034,24373852.616751224
2018-03-01,2018,3,67259598.0964586,67259760.9804358,162.8839772000001,1842378.575905364,393546.5548228002,1564022.5891564002,-1170476.0343336,62787741.952850886,37518555.23965999,19558501.00919001,85423.68905208951,5625262.0149488,25269186.713190902
2018-04-01,2018,4,65871243.78634939,65871866.5127278,622.7263784,-1197339.702583637,769165.4855157994,2122589.1166491997,-1353423.6311334004,59020898.87290092,37332187.78932001,16469491.368559996,85114.58399610211,5134105.1310248,21688711.083580896
2018-05-01,2018,5,66944401.9421464,66945065.6323974,663.6902510000001,914263.0605327524,2914782.436913601,4270636.356999801,-1355853.9200861994,65508643.35864069,37431086.36036,20371303.36151,85061.7250218901,7621191.911748801,28077556.998280693
2018-06-01,2018,6,65322550.755152605,65322563.76651461,13.011362000000002,3694556.2179682143,2976493.3974940004,4335052.06802,-1358558.6705259997,67330894.36322916,37905236.96118,21721554.8551,83240.96018412731,7620861.5867650015,29425657.402049128
2018-07-01,2018,7,63499675.07586781,63500010.41331641,335.3374486,3158334.5308640525,2826890.7345672,4388841.7332964,-1561950.9987291999,65117567.74917784,37844753.26094,19886604.63402,83464.41156644441,7302745.442651401,27272814.488237847
2018-08-01,2018,8,62286150.22155121,62289847.26399541,3697.0424442,5154162.527395785,2929315.8765378,4492814.9580304,-1563499.0814926003,65921503.535326,37649231.88993,21177109.429679997,84944.9960991801,7010217.219616801,28272271.64539598
2018-09-01,2018,9,59883179.230224,59883189.812734395,10.5825104,6914151.025381174,3053217.949443399,4663742.370068,-1610524.4206246005,65524989.110837266,37808439.97767999,20528131.956960008,85259.6062832709,7103157.569914001,27716549.13315728
2018-10-01,2018,10,58353566.67438621,58353763.97580661,197.3014204,8795146.863106728,2948045.5795915993,4749427.8483502,-1801382.2687586008,65616330.07292918,38111983.351509996,20541878.285840005,95907.68503739299,6866560.750541801,27504346.7214192
2018-11-01,2018,11,59953529.80254819,59953544.255539194,14.452991,6106142.925482526,3042779.813802,4846780.5932314005,-1804000.7794294003,64501304.586068965,37852617.87028,19332779.852959998,94924.59699597298,7220982.265833002,26648686.71578897
2018-12-01,2018,12,61371620.4687082,61372133.2428694,512.7741612,16084795.381463334,447379.90072679985,5092915.034102,-4645535.1333752,72603536.37111376,42038444.13903999,22963116.78368,93890.81636396401,7508084.632029801,30565092.232073765
2019-01-01,2019,1,59843641.3336132,59845626.022714004,1984.6891008000005,13642538.24884145,548892.4204390002,5370021.221154599,-4821128.800715599,67914212.03716937,40441115.4012,20089705.81654,93546.459407345,7289844.360022,27473096.635969345
2019-02-01,2019,2,58137427.388579,58137430.9719,3.583321,14019484.893807355,649701.2713747993,5463989.6835811995,-4814288.4122064,66615415.947957255,39566129.55154999,19447682.523720004,93603.25356826499,7508000.619119002,27049286.39640727
2019-03-01,2019,3,54513197.025196,54513203.0709826,6.0457866,16522726.985160485,479168.78026740067,5312060.7371954005,-4832891.956928,65647184.0835991,39177736.07165,18753440.259620003,93692.41123969169,7622315.3410893995,26469448.011949092
2019-04-01,2019,4,57688867.4338004,57688875.0411288,7.6073284,14288030.154792566,3228483.6005125977,8104735.0533727985,-4876251.452860201,70538738.62722905,38783821.947859995,20588842.956040002,94699.0356956753,11071374.6876334,31754916.679369077
2019-05-01,2019,5,56617922.094071805,56617926.4757596,4.381687800000001,15635836.007237077,3735172.951930999,8520462.0078738,-4785289.055942801,71398804.25221309,38554402.817509994,20702510.327290006,85024.16841228241,12056866.939000798,32844401.43470309
2019-06-01,2019,6,57053848.05990939,57054375.81102839,527.7511189999999,17164347.025118038,4591476.827237001,8976179.501545,-4384702.674308,72767376.67220533,39028775.246120006,21409556.035509996,86592.63061831259,12242452.759956999,33738601.42608531
2019-07-01,2019,7,55199661.20270561,55201170.389808804,1509.1871032,17266163.16649116,4749703.5446642,9322453.668425601,-4572750.123761401,71226627.39478295,39108259.13937,19741881.132079992,86725.198908334,12289761.924424598,32118368.25541292
2019-08-01,2019,8,55063254.578924194,55067216.56506419,3961.98614,18138417.30710776,5249588.839662199,9628964.1341444,-4379375.2944822,71748054.77951024,39307528.82599,19730696.251820005,86856.64055566402,12622973.061144598,32440525.95352027
2019-09-01,2019,9,52480551.18971701,52480629.165141806,77.97542480000001,20192131.524391368,5342801.394497998,9729361.308568198,-4386559.9140702,71548679.50983013,39325439.80211,19277467.02873999,87011.3661519496,12858761.312828202,32223239.70772014
2019-10-01,2019,10,46852517.7557598,46852662.371557,144.6157972,22392903.380207546,7580067.236055599,9884128.941780599,-2304061.7057250002,70251326.14586245,39951445.36496,17541760.390439995,87174.3537946388,12670946.036667801,30299880.780902434
2019-11-01,2019,11,44312468.6245122,44312473.8992348,5.2747226000000005,22624096.693566743,10660781.488344198,12875886.116542598,-2215104.6281984006,71643217.74611327,40367710.48541,17637990.740709998,88968.664496075,13548547.855497202,31275507.260703273
2019-12-01,2019,12,44367277.0750552,44367282.4968562,5.421801,27321855.590497546,10384363.196527401,12577684.4675072,-2193321.2709798,75166944.30650868,41649730.16295999,18988234.40475,89204.69522228252,14439775.043576403,33517214.143548682
2020-01-01,2020,1,43722534.2743952,43722534.9027026,0.6283074000000001,25248256.323882483,9739275.3599152,12118316.616511,-2379041.2565958006,71203232.95314655,39048704.60075,17147297.92760999,89474.12397553501,14917756.300811,32154528.352396525
2020-02-01,2020,2,43284482.379397005,43284491.6685916,9.289194599999998,26622874.123236682,9507104.894118201,11867654.6828342,-2360549.788716,71073426.48175791,38090142.60288999,17794503.619129997,89567.587137925,15099212.672600003,32983283.878867924
2020-03-01,2020,3,41781349.503203794,41781350.683947,1.1807432000000002,32394505.741277542,9236358.090018399,11636635.588038,-2400277.4980196003,75382682.38590269,38253600.73654999,21932358.354330014,89828.60385186262,15106894.691170802,37129081.64935268
2020-04-01,2020,4,44811924.962679,44811942.6247094,17.6620304,34761213.58171373,8350103.869980799,10849693.4328114,-2499589.5628306004,79005629.87300213,40708704.17770999,22785113.361140005,89928.3669239312,15421883.967228202,38296925.69529214
2020-05-01,2020,5,43833553.1846198,43833554.7206424,1.5360226,37598564.954820015,8485362.221801199,10991935.5258646,-2506573.3040634,80896520.58026984,43379652.135110006,20927544.97161,90043.105736244,16499280.3678136,37516868.445159845
2020-06-01,2020,6,43028437.6877082,43028447.347823,9.6601148,38565855.90901103,9547861.046386002,12062245.4875198,-2514384.4411337995,81478380.39642431,44425189.16246,20613757.93374,90155.13575468701,16349278.164469602,37053191.23396429
2020-07-01,2020,7,45332485.0276144,45332488.5440504,3.516436,38289491.40196868,11181856.169390399,12992675.065236999,-1810818.8958465995,83222023.1454235,44389852.24476,21119341.158639997,90258.36228570598,17622571.3797378,38832170.90066351
2020-08-01,2020,8,45579089.04623061,45579100.671118006,11.6248874,39697015.70520064,12717661.491866801,14530071.9744462,-1812410.4825793996,85924209.82034573,44648181.69968001,22425174.753039997,91971.6062857065,18758881.76134,41276028.1206657
2020-09-01,2020,9,43600725.7186774,43600727.6555984,1.9369210000000003,40776014.807061985,13812529.157744799,15456407.105267,-1643877.9475222,86702396.63854128,43926487.0686,23130781.593539998,92784.3231560895,19552343.653245203,42775909.56994129
2020-10-01,2020,10,38265477.900785804,38265479.837706804,1.9369210000000003,42371454.59167014,15355141.4632948,17351671.0376678,-1996529.5743729996,84829686.63999292,43608036.69072,21810694.96159,92843.35752852449,19318111.6301544,41221649.94927293
2020-11-01,2020,11,36389003.536897205,36389005.473818205,1.9369210000000003,42609137.214896664,15863048.608206797,17859876.7990926,-1996828.1908858,84052352.99632403,42882257.33601999,21590159.438580003,95872.39272783899,19484063.8289962,41170095.66030404
2020-12-01,2020,12,36192973.078507,36192973.6469952,0.5684882,52638865.96761978,16777823.202860802,18654945.502339,-1877122.2994782005,93670190.9174588,46788984.80266001,25820244.99277999,95820.79557100049,20965140.326447804,46881206.11479879
2021-01-01,2021,1,34051392.5575544,34058894.7716836,7502.214129200001,53526233.4938647,14805908.439181399,16867902.9307894,-2061994.4916080008,90995496.56209496,45786663.29786,24256153.27018,95823.22794875668,20856856.766106196,45208833.26423495
2021-02-01,2021,2,32721316.898617208,32721318.050685607,1.1520684,51866818.58382486,15969928.8871204,16925139.2692982,-955210.3821777999,89433871.52439404,44336709.5185,23665702.28793,95898.783844422,21335560.9341196,45097162.00589402
2021-03-01,2021,3,31047607.534488995,31048062.137359396,454.60287040000003,52730535.94610909,17060320.504419997,18189760.6710898,-1129440.1666697997,90781625.66415897,43359491.40725999,24917067.174460005,96010.509951772,22409056.5724872,47422134.25689898
2021-04-01,2021,4,31751766.026999205,31757432.499571804,5666.472572600001,51652694.92324093,17419639.1621174,18595111.6315828,-1175472.4694654008,89676164.01401526,43387304.10344999,23186448.097700007,94456.103140272,23007955.709725,46288859.91056528
2021-05-01,2021,5,33523145.5112498,33523145.6361018,0.124852,51202807.32569492,18103858.665762603,19341600.684334602,-1237742.0185719996,89872890.2322292,43282350.16561,22648832.596199997,94754.313760388,23846953.156658802,46590540.06661919
2021-06-01,2021,6,31722494.9105232,31722495.081062797,0.1705396,51687697.98734448,18869486.123634003,19833523.7294262,-964037.6057921994,91169465.55371925,43414382.17775999,23577545.737770006,87799.62385424339,24089738.014335003,47755083.37595925
2021-07-01,2021,7,32554531.1853538,32554531.4270316,0.2416778,51909235.54040089,18478809.4557108,19506061.0730728,-1027251.6173620003,91055645.73801863,43568103.85281,23104226.231839996,87818.1593386284,24295497.494030003,47487541.88520863
2021-08-01,2021,8,35097411.4829856,35097412.6911688,1.2081832000000001,52706555.36630969,18691184.7469882,19710729.47777,-1019544.7307817999,92614024.40097043,43287810.89298,24736548.19445999,87830.0220486348,24501835.291481797,49326213.50799043
2021-09-01,2021,9,33138392.3852226,33138392.4764606,0.09123800000000001,56172394.12016912,16829062.2341406,18033458.1847304,-1204395.9505898,93112721.16509289,43357269.735780016,25032132.194889992,88694.17773926578,24634625.0566836,49755451.42931287
2021-10-01,2021,10,33546552.2372246,33546552.3284626,0.09123800000000001,55949262.389871165,17302986.927983005,18718463.271555204,-1415476.3435722005,92927523.42640214,44315450.63783,23850213.376640003,90127.49844054058,24671731.9134916,48612072.78857215
2021-11-01,2021,11,32669101.708217803,32669101.9214266,0.2132088,56505510.25127855,17468365.859271,18584134.2701632,-1115768.4108922,93065859.8415358,45442894.18279001,23162324.276409995,90513.589116194,24370127.793219604,47622965.65874579
2021-12-01,2021,12,32602075.3864554,32608725.486988,6650.1005326,63530289.00449075,18587385.316735,19536624.1352732,-949238.8185381998,102086988.7200657,49191358.919460006,27686888.54694,90573.1124274752,25118168.1412382,52895629.80060569
2022-01-01,2022,1,30755791.6037078,30755799.718676202,8.1149684,62878839.35615424,17084145.846583802,18106138.1934846,-1021992.3469007995,96885336.98697934,47911881.06189,24599523.98823,96064.355395346,24277867.581464,48973455.925089344
2022-02-01,2022,2,30157782.511133198,30157782.522040598,0.010907400000000001,63394843.571978465,17356445.846010603,18576445.8186414,-1219999.9726307995,96388040.51635331,47341539.51188,24637492.77022,96118.94614630101,24312889.288107,49046501.004473306
2022-03-01,2022,3,31549349.8362868,31549349.906739,0.0704522,61761974.189947665,18457788.015108,19753879.1007214,-1296091.0856134002,96708950.75957547,46154096.65049001,24623363.375669993,95584.5298352448,25835906.2035802,50554854.10908545
2022-04-01,2022,4,31570943.932388008,31570944.087629806,0.1552418,59289306.66504724,19928721.176890407,21325078.791176405,-1396357.6142859994,96172084.73537502,46557662.093380004,23086110.405639995,95642.8018130208,26432669.434542,49614422.64199501
2022-05-01,2022,5,31401957.4874264,31401957.591561202,0.1041348,56433981.06288524,20420716.9565722,21663461.0491622,-1242744.0925900005,93898190.61409543,46053477.38435999,21446785.912260007,95965.6547364152,26301961.662739,47844713.229735434
2022-06-01,2022,6,30907371.95691181,30907372.56052321,0.6036114,59033643.514745906,21144782.584109806,22353233.325389806,-1208450.7412799997,97127687.16882423,45965492.46596,24306381.689489998,96062.35693959918,26759750.6564346,51162194.70286421
2022-07-01,2022,7,29505289.627737004,29505290.231348403,0.6036114,59616157.26563609,20558435.338502802,21957284.096145403,-1398848.7576426,96421511.90408164,46019310.06255001,23424430.136879995,97181.2763796248,26880590.428271994,50402201.84153162
2022-08-01,2022,8,26115844.511458803,26115846.780541003,2.2690821999999997,61872114.50037742,19651803.5345632,21051540.8385184,-1399737.3039552004,94774518.20916569,45422552.76342999,23283034.798770003,97346.141619482,25971584.505346194,49351965.44573569
2022-09-01,2022,9,26370958.9099726,26370960.231483,1.3215104,61040014.331245095,20650764.1151766,22049075.9656918,-1398311.8505152,95933038.2026127,45168592.63482,24654242.923419997,96043.80692687682,26014158.8374458,50764445.567792684
2022-10-01,2022,10,25293917.07521,25293918.410852,1.335642,62155069.88136985,19509760.465172,21144970.5464498,-1635210.0812777998,94870242.0388602,45453003.980569996,23667741.613479998,96184.9970909984,25653311.4477192,49417238.058290206
2022-11-01,2022,11,26124789.422347005,26124790.789202005,1.366855,64342829.81911725,19445466.6299466,21076627.4653344,-1631160.8353878,96326519.10972941,46067174.60258,24327979.032479994,96385.55130139842,25834979.923367996,50259344.5071494
2022-12-01,2022,12,26041778.4733372,26041782.0758662,3.602529,72812961.84883001,20506377.567259204,20924869.559203602,-418491.99194440007,104686679.60879803,49430856.2349,28557896.109460004,96712.53733421842,26601214.727103803,55255823.37389803
2023-01-01,2023,1,24805855.3515304,24805855.710651398,0.359121,70877975.83462659,19738034.5182214,20309101.2914158,-571066.7731943994,99036793.34766458,48358496.937850006,24277574.816479996,96961.39788477481,26303759.5094498,50678296.40981457
2023-02-01,2023,2,21598818.2811212,21598819.216482203,0.935361,72396182.60158426,19946776.9528264,20523983.5777382,-577206.6249118003,97024974.56056172,47970065.06587,21583050.187239997,96603.36627871239,27375255.941172995,49054909.49469171
2023-03-01,2023,3,21350086.536161598,21350088.9049882,2.3688266000000002,74496974.1068631,23296964.3486884,23887037.7291602,-590073.3804718002,99261255.69450668,49552065.78806999,22150545.386770003,96218.86314628273,27462425.656520396,49709189.90643669
2023-04-01,2023,4,21665921.083926003,21665926.139403004,5.055477000000001,72478671.92380513,25142300.541361205,26013287.010278005,-870986.4689168002,101469731.70240657,51812044.763509996,22291921.119349997,96414.3211547423,27269351.4983918,49657686.93889655
2023-05-01,2023,5,20250145.972075604,20250148.045579202,2.0735036,73322820.79250558,32546966.0630712,28545100.4340606,4001865.6290106,108050712.54518738,52279588.325260006,29097636.40404,96599.07328040642,26576888.742607,55771124.21992741
2023-06-01,2023,6,17915457.215121202,17915460.8016664,3.5865452000000007,76547859.7273957,30837592.5248924,26862688.4159486,3974904.1089438,107350503.37352708,52785030.61183,28337877.926549986,96821.03259829432,26130773.8025488,54565472.76169708
2023-07-01,2023,7,17238678.542232003,17238684.032427203,5.490195200000001,78588671.48893929,29909240.608187802,26756811.9830004,3152428.6251874,108139719.82611719,53266837.45365,29273693.57391,97046.16276358091,25502142.6357936,54872882.37246719
2023-08-01,2023,8,14730546.398590399,14730553.3235546,6.924964200000001,81300277.37099372,29440197.711547602,26373802.9426474,3066394.7689002,107500430.6648533,52872139.43215001,29935492.44418,99972.25309369684,24592826.535429604,54628291.2327033
2023-09-01,2023,9,12468829.765567,12468829.801444799,0.03587780000000001,84993017.56889883,29150461.7017564,26106403.5448144,3044058.1569419997,107724730.93226415,53112358.87694,30306423.287109997,100923.75793475939,24205025.010279395,54612372.05532416
2023-10-01,2023,10,11345051.706471,11345051.7437208,0.0372498,88349976.2375746,28285800.287890203,25412551.966528203,2873248.321362,107566815.34485926,53705971.31104,29971409.297839995,101178.13620447529,23788256.599774797,53860844.033819266
2023-11-01,2023,11,11576420.552359603,11576420.594617203,0.042257600000000006,90505159.9175764,27639463.238104,24958884.4080616,2680578.8300424,107882153.09334183,54272316.69408,29953096.11157,101370.97134442138,23555369.316347398,53609836.399261825
2023-12-01,2023,12,11720904.8132442,12401214.400918,680309.5876738,101095645.13541642,27151406.618430004,24401190.362301804,2750216.2561282,115159632.69096775,58720045.145830005,33266032.392759994,101523.1880187192,23072031.964358997,56439587.545137726
2024-01-01,2024,1,11082749.293833,11767181.088915,684431.795082,101240782.41738047,26786436.6827454,24126420.908897202,2660015.7738481998,111247328.88220276,57708993.562020004,30473507.518449992,101688.94418156636,22963138.8575512,53538335.32018277
2024-02-01,2024,2,10851598.702274399,11539344.2418282,687745.5395538001,102692358.88295263,26646566.949130997,24016262.0725328,2630304.8765982,111456833.85572419,57134091.68727001,31019330.91459999,102757.44118498695,23200653.812669195,54322742.168454185
2024-03-01,2024,3,11504622.5415758,12195912.746578401,691290.2050026,104771173.7920202,26333386.300894,24002843.0468298,2330543.2540641995,111450564.04567508,56933793.32946,30929152.529689994,102954.8884626571,23484663.2980624,54516770.71621506
2024-04-01,2024,4,12323286.422210399,13018009.6089806,694723.1867702,103866119.29963997,26134399.316539202,23787116.117935,2347283.1986042,109357546.69500309,57584383.91317999,28965557.563589998,102575.83046229124,22705029.3877708,51773162.78182309
2024-05-01,2024,5,13296704.6163588,13994973.1946402,698268.5782813999,104696706.57854863,25727142.592794202,23268204.684471004,2458937.9083232004,108612184.97739644,58559503.09827999,27314371.656530008,102731.84347203707,22635578.379114397,50052681.879116446
2024-06-01,2024,6,12614955.852066401,13316662.079590801,701706.2275244,108428984.64326592,25727073.651454605,23276839.389381405,2450234.2620731997,111377071.11971895,60275897.939410016,28407691.16575999,103027.71709870911,22590454.2974502,51101173.180308916
2024-07-01,2024,7,12486345.2433174,13191613.453743199,705268.2104258001,110928758.59527297,25242830.037394203,23076742.1655008,2166087.8718934003,112350889.02583408,61277894.82356002,28343246.35606999,94539.530955863,22635208.3152482,51072994.202274054
2024-08-01,2024,8,13070213.131960602,13779040.852738002,708827.7207774001,112627166.96527046,25113484.8593008,22919005.6199174,2194479.2393834,113467199.2347363,61927183.65121001,28931430.10989999,88787.71904349828,22519797.754582796,51540015.58352629
2024-09-01,2024,9,13489321.3670432,14201610.491803002,712289.1247598,116965094.65022884,22978858.224702004,19446070.736272603,3532787.4884293997,113885883.65615802,63337270.584290005,31382901.62791999,89136.13528017236,19076575.308667798,50548613.07186799
2024-10-01,2024,10,14168293.178228002,14883959.225727202,715666.0474992,119695807.76673597,23151276.7355688,19252376.1663506,3898900.5692181997,112317340.52606548,65006630.01896,28158043.58155999,87048.26639547205,19065618.65915,47310710.50710547
2024-11-01,2024,11,13391572.2943576,14110297.6762314,718725.3818738001,121799306.6103871,23063418.147603203,19175620.150065,3887797.9975382,113780522.05185479,66626778.56703999,28068966.837729994,87561.36133257198,18997215.285752196,47153743.48481478
2024-12-01,2024,12,13559086.821018202,13559088.547200002,1.7261818,128919775.1737639,21470568.1453192,19226042.4860906,2244525.6592286,123673081.38508293,71546075.35448,32979693.861879993,290788.9801023359,18856523.1886206,52127006.03060295
2025-01-01,2025,1,14429087.860963998,14429087.861581398,0.0006174,129334052.1150473,21092410.0661892,19117829.5968306,1974580.4693586,122235326.90459839,71069674.50645998,32171288.99546,225573.1974012127,18768789.906437203,51165652.39813842
2025-02-01,2025,2,15009037.860096002,15009037.861125002,0.001029,132763756.04189713,20939139.889737405,19140475.465058804,1798664.4246786,124524540.85577546,71436186.41513,34127225.431509994,253361.20644228457,18707767.8026932,53088354.440645486
2025-03-01,2025,3,15791753.8263856,15791753.8281692,0.0017836,131691440.04661688,21111859.9699718,19377284.776214,1734575.1937578002,123824926.68541731,73402769.44543,31567544.399749998,77325.9955236969,18777286.844713602,50422157.239987314
2025-04-01,2025,4,17960508.808468804,17960508.810458202,0.0019894,129256592.52181804,21682475.1870988,20264140.101351,1418335.0857477996,123764354.54713342,75876458.85735999,29097071.27150999,92217.34360463047,18698607.3700188,47887895.689773425
2025-05-01,2025,5,17282903.8387698,17282903.8397988,0.001029,131398756.49929293,22109087.5167634,20656495.1862204,1452592.3305429998,125150198.20180586,78624799.84111999,27834587.797070015,169875.462270278,18520935.1013456,46525398.360685885
2025-06-01,2025,6,19255711.822800603,19255711.8241726,0.0013720000000000002,133039380.12574053,23176732.454507798,21726009.9017348,1450722.5527730002,127494863.51464543,81339191.51853,27409762.53381,286289.1997688456,18459620.262536597,46155671.996115446
2025-07-01,2025,7,18698395.814684603,18698395.816399604,0.0017150000000000002,137208878.43973732,23655342.374855798,22549775.277762797,1105567.0970929998,131622309.0044005,82901369.12142,29874070.741589997,404476.9266517191,18442392.214738805,48720939.882980525
2025-08-01,2025,8,19765276.851990603,19765276.854734603,0.0027440000000000003,141100814.17668465,22801882.8443766,21697450.1809236,1104432.6634530001,134434749.96864396,83772759.54826002,32094051.992369995,361328.969892931,18206609.458120998,50661990.42038393
2025-09-01,2025,9,22466595.082412608,22466595.082755607,0.00034300000000000004,144215218.67134854,22264997.963231,21161683.897023,1103314.0662080003,137959606.69062984,85039784.81399998,34367357.613170005,319753.17338163854,18225683.0434182,52919821.87662985
