date,year,month,Estaño,Zinc,Plata,Oro,Otros Minerales,Total Minerales,Gas Natural,Petróleo,Otros Hidrocarburos,Total Hidrocarburos,Soya1,Madera,Castaña,Joyeria,Otros No Tradicionales,Total No Tradicionales,Otros Bienes,Total Declarado,Bienes para Transformacion,Fletes y Seguros,Compra Venta Neto,FOB
2012-01-31,2012,1,31.507395259999996,58.80182409,81.43774026999999,24.475766529999998,20.61379814000003,216.83652429,332.62523670999997,25.416376370000023,0.05670182,358.0983149,25.830063460000005,3.809023610000004,6.745061,1.1956176200000002,42.08749241999998,79.66725810999999,15.238248189999997,669.8403454899999,-8.830260619999999,-9.811251468540611,0.2742813792,651.4731147806593
2012-02-29,2012,2,30.637642359999997,44.39644965,73.91898576,41.99790229,24.39540488999998,215.34638495,390.7776286,19.123614549999992,0.03765164,409.93889479,39.793732330000005,5.003368940000001,7.05837392,1.08878309,39.26105594000001,92.20531422000002,16.974504299999996,734.46509826,-10.791126859999999,-8.61768647462873,0.2742813792,715.3305663045713
2012-03-31,2012,3,34.90447582,71.33196081,107.58991034,33.26764432,32.91138945,280.00538074,434.16913242000004,-1.759703494030873e-14,0.0370837,434.20621612,56.075817949999994,4.864573860000014,9.702301499999999,2.1466668599999994,50.78330166999997,123.57266183999998,32.46625138,870.2505100799999,-9.72126532,-13.123750968072795,0.2742813792,847.6797751711271
2012-04-30,2012,4,28.94976878,60.560659210000004,112.18321416,69.73589918,31.268939139999986,302.69848047,403.6918754100001,63.60126279999998,0.05815186,467.35129007000006,88.95907638999999,4.928107379999993,11.4669479,0.5148311600000002,50.02601595999994,155.89497878999993,21.817841130000005,947.76259046,-10.934141140000003,-12.728327301369339,0.018919749200000058,924.1190417678307
2012-05-31,2012,5,26.453125319999998,68.69649604000001,98.95339424,88.85980422,32.65995188000005,315.62277170000004,486.40272187,24.090381340000015,0.058664749999999995,510.55176796,79.23654134,4.565774989999994,14.0680074,1.8173763399999998,64.99024025000004,164.67794032000003,23.81462092,1014.6671009,-10.82736945,-12.30220564597507,0.018919749200000058,991.556445553225
2012-06-30,2012,6,29.42122263,54.322929880000004,75.63114911000001,112.80353645000001,28.28735906999998,300.46619714,446.70536976,8.313811139999984,0.08759698,455.10677788,131.79509246,3.7325734499999754,12.63963888,4.559179450000001,71.71406816000001,224.4405524,33.670057869999994,1013.6835852900001,-8.469474580000002,-9.825837574901911,0.018919749200000058,995.4071928842982
2012-07-31,2012,7,28.13658166,61.5791545,109.23747305000002,87.46986352,34.91397139999998,321.33704413,430.40505828000005,42.75503164999998,0.0,473.16008993,77.25106184,3.65360029,16.46702503,2.325960510000001,73.16454225000001,172.86218992000002,34.579190329999996,1001.93851431,-9.585363689999998,-12.975269860293952,0.1009237466666667,979.4788045063727
2012-08-31,2012,8,25.34998325,71.10250567,87.95710836,98.55585642,28.789870500000006,311.7553242,450.89012087000003,24.186899620000023,0.01997538,475.09699587000006,158.1089938,4.187752170000039,14.852284700000002,1.9656886600000003,81.32463596999995,260.4393553,36.820813919999814,1084.1124892899998,-11.62842723999982,-12.063568257264164,0.1009237466666667,1060.5214175394024
2012-09-30,2012,9,24.699606539999998,57.29743999,117.79313782999999,123.7383546,34.784174930000006,358.31271389,524.57043408,53.586529189999965,0.0,578.15696327,108.398477,4.00101312000001,15.15184268,1.2232990700000002,96.81622493,225.5908568,24.87405932,1186.93459328,-12.503099949999998,-12.358816415758122,0.1009237466666667,1162.1736006609085
2012-10-31,2012,10,32.13022429,65.63172811,123.1814645,111.45757986,32.61124724999996,365.01224400999996,527.1463707600001,52.231985260000044,0.16237278,579.5407288000002,73.68420771999999,5.493009300000011,9.066192999999997,2.6594506100000004,94.4914517500001,185.3943123800001,31.200464899999993,1161.1477500900003,-11.37356726,-13.511148968220164,0.1009237466666667,1136.3639576084468
2012-11-30,2012,11,25.05750092,65.33106335000001,105.9313425,141.87857037999999,31.078525540000044,369.27700269,521.2399079500001,42.30063982000004,0.05555414,563.5961019100001,66.18758096,3.3110818499999937,11.39761916,1.7267523200000003,84.65982514,167.28285943,30.61017777999945,1130.7661418099997,-11.700734229999446,-12.71297042629348,0.1009237466666667,1106.4533609003736
2012-12-31,2012,12,30.986704800000002,60.38599442000001,104.38599545,160.93391969,31.039798780000012,387.73241314,529.89896155,36.822859569999935,0.15697423,566.8787953499999,71.55984099999999,5.433968539999995,10.56404077,0.9433197600000003,98.36020019000004,186.86137026000003,34.091653860000285,1175.5642326100003,-7.394442190000292,-12.54916663868168,0.1009237466666667,1155.721547527985
2013-01-31,2013,1,38.00098954,76.34468777000001,115.05581880999999,158.98668781,33.078985540000076,421.46716947000004,495.48883523000006,54.73264153,0.3649818000000309,550.5864585600001,54.92915970999999,3.1780085,8.12043077,0.6580637699999999,74.72303737999997,141.60870012999996,24.077766869999994,1137.7400950300002,-9.73453536,-11.597088378064397,0.20223609712000004,1116.6107073890557
2013-02-28,2013,2,33.40717129000001,57.95743686,88.96942956,12.55760529,20.65853211999999,213.55017512,485.52757822000007,0.0,0.07875209999997423,485.60633032000004,44.6375734,3.68195776,5.6499712099999995,1.89001248,62.942133899999995,118.80164875,25.970988359999996,843.92914255,-9.159904690000001,-8.276212795403193,0.20223609712000004,826.6952611617169
2013-03-31,2013,3,28.63286374,64.93462953999999,77.76552259,51.749730570000004,27.032618850000006,250.11536529,540.43705578,59.54505877,0.01614739999999415,599.99826195,101.09143825,4.4947693200000005,6.405525679999999,10.347697400000001,63.406647369999945,185.74607801999994,33.44256557999999,1069.30227084,-9.79567025,-8.392454887381938,0.20223609712000004,1051.3163817997379
2013-04-30,2013,4,24.03405321,67.29188612,105.45047371,67.16815642,30.833251359999963,294.77782082,469.61287332999996,49.540031989999996,0.14519681000000872,519.29810213,96.79665497,4.453809090000001,9.02111396,6.61683856,67.84067414999998,184.72909073,21.666448289999998,1020.47146197,-9.43115946,-10.027607433744231,0.041147975866666665,1001.0538430521224
2013-05-31,2013,5,27.87217824,59.55644169999999,83.1954371,44.97260631,30.73927033999999,246.33593369,522.39109267,32.03069302,0.09959895999992341,554.52138465,130.55462898000002,2.8663626,9.29899326,8.111077110000002,54.42151424000002,205.25257619000004,23.120096099999998,1029.22999063,-10.99304184,-8.511832363912928,0.041147975866666665,1009.7662644019537
2013-06-30,2013,6,24.778622640000002,51.41433611,74.13404226000002,34.53423199,28.593268480000006,213.45450148,525.4566522900001,46.841132640000005,0.16679025999992092,572.46457519,130.63833319,4.216007800000001,12.434770140000001,9.121712110000002,60.48971863999998,216.90054188,17.920646249999997,1020.7402648,-8.814233119999999,-7.527030839110435,0.041147975866666665,1004.4401488167562
2013-07-31,2013,7,26.29095796,65.08778757,81.40893663,34.67672411,39.39458374,246.85899001,530.1247076499999,45.865084929999995,0.0,575.9897925799999,116.78091304,3.8412009300000007,12.568905780000001,6.7073282999999995,71.59809778999997,211.49644583999998,22.600887020000002,1056.94611545,-11.69493196,-9.031885353766262,0.007818122533333324,1036.227116258767
2013-08-31,2013,8,30.337364110000003,62.056482339999995,65.01478667,27.52790991,27.96669424000001,212.90323727,529.4427522200001,56.31461435000001,0.0,585.7573665700002,130.03416104000001,3.2521387499999994,13.56768522,12.59142326,83.81135896,243.25676723,28.03492397,1069.9522950400003,-7.041941029999999,-7.828270123703866,0.007818122533333324,1055.0899020088298
2013-09-30,2013,9,27.0473659,63.48387847,80.39438577,22.819384250000002,33.752982429999975,227.49799682,502.50717232,36.980962530000006,0.7119104500000546,540.2000453,113.01841667000001,3.9386292900000006,12.16052399,2.4543050199999996,98.60803416000002,230.17990913,20.26051216,1018.1384634100001,-10.82243751,-8.774535326450252,0.007818122533333324,998.5493086960831
2013-10-31,2013,10,37.69995592,67.42307231999999,90.63808249,40.120492420000005,32.52602631000002,268.40762946,531.05759325,58.095415,0.9725080900000194,590.12551634,113.21053398000001,5.0540144100000015,12.297564190000001,9.20795312,103.88941738999998,243.65948309,32.31121207999999,1134.50384097,-11.58913666,-9.538469090508826,-0.04572950079999997,1113.3305057186913
2013-11-30,2013,11,30.931763010000004,62.45457512000001,74.09423083,30.046504300000006,31.187985509999976,228.71505877,474.64979603,50.97809272,2.189080049999923,527.8169687999999,99.59175497999998,4.96527186,11.4835388,3.0095755599999996,83.92083944000004,202.97098064000002,19.00462857,978.50763678,-8.5378599,-8.164081178048678,-0.04572950079999997,961.7599662011512
2013-12-31,2013,12,41.11465221,64.36952086000001,71.55931251,36.208665030000006,39.54435928000004,252.79650989000004,506.75186163,20.55984144,0.7864687899999723,528.09817186,79.76795977999998,5.381775169999999,9.796745,2.4256951300000003,95.68795108000006,193.06012616000004,18.327246610000003,992.2820545200001,-8.25099166,-8.850812132391379,-0.04572950079999997,975.1345212268087
2014-01-31,2014,1,31.02775708,77.08553179,63.639083570000004,56.79383732,30.454166379999947,259.00037613999996,541.39437004,26.8113148,1.5370210699999127,569.7427059099999,77.7838795,4.3722525,10.4395614,3.7339999999850995e-05,73.20748187000002,165.80321261000003,26.624223879999995,1021.1705185399999,-14.968084739999997,-8.87154923906409,0.00429037378666669,997.3351749347225
2014-02-28,2014,2,29.504759819999997,60.66724728999999,68.1950383,145.96553277,26.94611900000001,331.27869718,500.53725874,46.80269286,1.0599535699999834,548.39990517,55.94649645000001,3.91039864,6.406425240000001,0.3797340300000002,65.27431089999993,131.91736525999994,17.524315489999996,1029.1202831,-9.43973997,-7.917452578237318,0.00429037378666669,1011.7673809255494
2014-03-31,2014,3,28.679258980000004,81.82585693,83.97131009999998,162.21247474,35.214667829999996,391.90356858,524.52516796,58.12325181,4.621033250000039,587.26945302,68.58587901,4.936042090000001,4.7719792000000005,3.0884174400000006,72.14508647999999,153.52740422,21.182880109999996,1153.88330593,-7.70103868,-10.35495285069119,0.00429037378666669,1135.8316047730955
2014-04-30,2014,4,27.78059809,73.65963300000001,71.74992175,120.26159390999999,27.460979510000016,320.91272626,509.65416266000005,39.26420318,1.8553803800000779,550.7737462200001,76.89546754,4.2498049899999994,11.238269360000002,3.9399391,72.84690533,169.17038632,21.124216210000004,1061.98107501,-9.795598649999999,-8.945963871394014,0.05297640253333333,1043.2924888911393
2014-05-31,2014,5,34.094794500000006,73.03818367,69.24383771000001,149.99990664,27.27684837999999,353.65357090000003,546.26388504,65.89729977,2.6887628100000853,614.8499476200001,131.96161268,3.8078831600000003,18.078390919999997,3.6825381099999994,66.56210775000002,224.09253262000001,20.680197189999994,1213.27624833,-7.2972286099999994,-8.800707527311143,0.05297640253333333,1197.2312885952224
2014-06-30,2014,6,30.903183009999996,72.12890082,65.12413693999999,110.58478336,23.695587880000005,302.43659200999997,528.32675103,87.12016021000002,3.783061609999976,619.22997285,141.86577657,3.53103458,16.687529850000004,3.187453890000001,64.55272424999998,229.82451914,27.095513720000003,1178.5865977199999,-5.88112538,-8.253857429757494,0.05297640253333333,1164.5045913127758
2014-07-31,2014,7,30.448813070000003,86.47020855,77.54531145000001,140.46973201,29.083682889999977,364.01774796999996,547.42424781,41.3476385,2.386800000000008,591.15868631,121.56072602,5.843624980000001,19.994271649999998,3.1077259500000007,68.93855083000005,219.44489943000005,35.09633274,1209.71766645,-9.46741198,-10.057002028542877,0.033641149200000026,1190.2268935906573
2014-08-31,2014,8,31.811710339999998,97.63928335000001,69.57622042,113.33361054000001,34.775832839999964,347.13665749,531.53258061,43.143912490000005,3.185193060000003,577.86168616,109.19597185999999,3.4431145700000005,19.810852320000002,4.76066834,70.93954987000004,208.15015696000003,20.864590639999996,1154.0130912500001,-10.212808779999998,-10.697764429251919,0.033641149200000026,1133.1361591899483
2014-09-30,2014,9,31.771653349999998,101.89746930999998,78.59824296999999,103.86555763,31.97097279000002,348.10389605,457.06306144000007,71.77713893000002,1.2564648799999105,530.09666525,112.57210560000001,3.775375060000001,19.464546379999998,3.9338703100000005,76.73189675,216.4777941,19.120030219999997,1113.7983856199999,-11.00999779,-10.904578448605015,0.033641149200000026,1091.917450530595
2014-10-31,2014,10,29.490580660000003,83.48532626999999,67.48260671000001,100.7107791,36.00375718999993,317.17304992999993,455.5123452600001,17.75859,2.4715323000000033,475.7424675600001,96.72218828999999,4.96097864,13.96046508,5.214890209999999,70.50588496,191.36440718,36.84955985,1021.12948452,-11.158748810000002,-9.335868151939739,-0.0075548966666666995,1000.6273126613936
2014-11-30,2014,11,29.056956489999997,91.33404909,61.28410318,94.14501829999999,27.895157540000014,303.7152846,417.61325897999996,59.60241499,1.6683227500000157,478.88399671999997,37.2067519,4.833720709999999,17.38007883,4.966988990000002,67.35685127999997,131.74439170999997,21.75776077999999,936.10143381,-8.64535219,-9.621655092967691,-0.0075548966666666995,917.8268716303656
2014-12-31,2014,12,30.924423790000002,88.02892448,56.87381164000001,85.91321357000001,32.51383069000002,294.25420417000004,451.25028671,26.480773069999998,1.856196300000022,479.58725608000003,52.26074659,3.844989470000001,13.06108783,4.976351769999999,64.55388595,138.69706161,28.903629139999993,941.442151,-6.252776869999999,-9.173710927119604,-0.0075548966666666995,926.0081083062137
2015-01-31,2015,1,26.05284572,76.06955052,66.98849929000001,77.61423127000002,27.52801388000006,274.25314068000006,385.01245618,4.96626,0.37374824999998246,390.35246443,56.550640789999996,3.51429905,5.062994799999999,3.7838291799999992,50.25877530999999,119.17053912999998,22.139344929999993,805.91548917,-6.55443629,-11.145154038787231,0.013698433743030647,788.2295972749557
2015-02-28,2015,2,22.09163865,60.333862839999995,51.357181389999994,45.51558086000001,23.870904539999998,203.16916827999998,362.31466650999994,19.171426030000003,0.5048077699999745,381.9909003099999,44.110165980000005,4.1293577500000005,6.392909519999999,5.572812569999999,48.21122079000002,108.41646661000001,23.72602497,717.30256017,-8.42769721,-8.91170661470813,-0.020785100185087724,699.9423712451068
2015-03-31,2015,3,28.563276740000003,65.93198121,56.9029622,66.38704776,25.816116049999977,243.60138396,404.82963912,22.871581000000003,0.8858567999999885,428.58707692,30.779424770000006,5.688917339999999,9.8274586,2.6776640599999997,57.160595839999985,106.13406060999999,31.032760409999995,809.3552819,-8.55292545,-9.363348541443084,0.015059347802057144,791.454067256359
2015-04-30,2015,4,22.141629579999996,66.30071027,62.51946898999999,77.08298711999998,29.10299887000002,257.14779483,314.99161206,10.21586818,0.3840580399999869,325.59153828,64.43280903000002,3.5942034000000005,13.633321200000001,10.269919580000002,63.39872684,155.32898005,36.69514918,774.7634623400002,-9.774958380000001,-9.998803308157992,-0.42976840742187106,754.5599322444202
2015-05-31,2015,5,21.410298150000006,94.59590181000003,56.93434494999999,60.01980493999999,24.53718582000002,257.49753567000005,339.24455423,13.37514323,2.4366300899999853,355.05632755,87.59092358000001,3.7200923500000007,19.715129940000004,6.02997434,56.36883645999998,173.42495667,20.69274332,806.67156321,-6.368787810000001,-11.839461616258747,-0.5186425640000761,787.9446712197413
2015-06-30,2015,6,21.878041059999997,88.03579343,68.66185429000001,64.33469456,33.101982989999954,276.01236632999996,320.77064246,15.86299528,0.9833135200000314,337.61695126,76.31544119,3.96651426,17.512953829999997,5.305010619999999,46.41966082,149.51958072,25.498034580000002,788.6469328899999,-9.079513009999998,-12.428895290869617,-0.42483426097805277,766.7136903281522
2015-07-31,2015,7,19.33441782,73.08455784,41.19842481999999,50.448576239999994,23.326566200000002,207.39254291999998,299.9396511,48.0052703,0.5460267999999999,348.4909482,100.37194191999998,3.4393983500000003,19.46541379,7.9204292999999995,44.25290164000001,175.450085,37.616750830000015,768.95032695,-9.625982359999998,-9.454561905487848,-0.9149061244870185,748.9548765600251
2015-08-31,2015,8,22.97554079,70.89831043000001,48.245840660000006,65.53336193,23.950830679999967,231.60388448999998,297.17135940000003,0.0,1.1549549999999726,298.3263144,73.98268535,3.64342104,19.04912316,8.243917020000001,51.94676100000001,156.86590757000002,37.37089716,724.1670036200001,-11.074365519999997,-8.968329972669544,-0.832094218327545,703.292213909003
2015-09-30,2015,9,23.782998830000004,68.47034679,53.92027808,65.48990924,23.734023159999992,235.3975561,290.72364959,21.49400689,1.5110324899999696,313.72868896999995,71.99163135,3.320606700000001,17.83130244,7.99240895,57.45708963,158.59303907,30.332493879999998,738.0517780199999,-13.648604789999998,-9.624497237683316,-0.8262448895854366,713.9524311027312
2015-10-31,2015,10,22.40785322,73.54187381,62.76520099999998,71.17266719,27.637530959999992,257.52512618,258.21651989,11.76556653,2.208808400000011,272.19089482,60.06833574000001,3.10165739,19.228717689999996,8.61736629,54.61927297999994,145.63535008999995,26.130595459999995,701.4819665499999,-14.3572737,-10.704573269122747,-0.30686979620266214,676.1132497846745
2015-11-30,2015,11,17.95255485,63.47462042999999,48.2735776,34.71448463,21.181730579999964,185.59696808999996,249.94119643,23.02612765,2.367291189999982,275.33461527,68.41683946,3.1771634500000006,18.62652335,7.553391810000001,49.173264069999995,146.94718214,18.06891854,625.94768404,-9.511433799999999,-8.606653134761613,-0.23899997200256295,607.5905971332359
2015-12-31,2015,12,19.153257489999998,68.0656758,49.94150613000001,69.40589987000001,20.762663290000006,227.32900258,247.22336838000004,10.015198759999999,1.4969699999999815,258.73553714,60.854291190000005,3.47304426,11.74484664,6.441046450000001,57.352714819999996,139.86594336,35.93085092,661.8613339999999,-7.112933729999999,-9.050447212866182,-0.42737546419477485,645.2705775929389
2016-01-31,2016,1,24.943667259999998,63.20886757,40.07940956000001,53.24770110000001,14.788079649999986,196.26772514,205.01617014999997,7.623691330000001,2.387713400000009,215.02757487999997,44.31717261,2.8808810799999995,5.3977086199999995,5.42630942,43.09131716000001,101.11338889000001,15.480071949999996,527.88876086,-4.1993706,-10.552170229906357,0.32347052884393274,513.4606905589377
2016-02-29,2016,2,20.9838142,52.092085,57.47739052999999,67.73162888,23.35319911000002,221.63811772,187.8045598,0.0,2.110596700000002,189.9151565,48.49764721,2.206863,6.05097674,6.279735940000001,38.475356550000015,101.51057944000001,19.55537633,532.61922999,-6.793488139999999,-10.755011833045018,0.32636918375878293,515.3970992007137
2016-03-31,2016,3,22.91978532,66.62256409999999,57.6598936,56.69950093,22.685118380000006,226.58686233,201.26420827000004,6.44065235,3.391314439999996,211.09617506000004,57.77120803,2.62574148,12.16310248,7.947951819999998,41.06404638999996,121.57205019999996,25.201152600000007,584.45624019,-8.26744166,-12.433254414523988,0.3581329687572843,564.1136770842334
2016-04-30,2016,4,22.634863579999998,65.95762494999998,64.06516704,75.37762167000001,21.84543715000001,249.88071438999998,152.5218697,9.254541369999998,4.225548290000006,166.00195936,47.83885184,2.536152220000001,15.467825319999998,9.592152350000001,44.52155223,119.95653396,19.641264660000004,555.4804723699999,-8.43146335,-12.549578789539128,0.4021178400295281,534.9015480704903
2016-05-31,2016,5,27.95652996,77.33873788,65.11625814,70.61093615000001,22.334630790000006,263.35709292,157.29891884,0.0,3.2017064799999844,160.50062531999998,94.51739880000001,2.8880136400000005,20.94234304,5.61635224,35.905654369999965,159.86976208999997,20.889609009999997,604.6170893399999,-6.552934499999999,-13.267804981030537,0.4376883258794314,585.2340381848488
2016-06-30,2016,6,22.078881510000002,69.63538511000002,62.48437845,69.64856185,24.427176349999996,248.27438327000002,152.41991716,9.87554981,3.6074002100000033,165.90286718000002,107.29682296000001,2.7676093699999993,18.73794645,8.15847374,43.10908176999999,180.06993429000002,22.935334309999995,617.1825190500001,-9.464596989999999,-12.5518475117072,0.4467845654510405,595.6128591137439
2016-07-31,2016,7,23.806165410000002,90.05081344,63.804515800000004,66.38699213,19.530139829999996,263.57862661,156.2822369,12.911603999999999,4.099076290000012,173.29291719,120.14874357,2.8461417900000003,21.04068302,12.588273939999999,52.319806099999965,208.94364841999996,18.38327978,664.198472,-7.18259125,-14.6351797090637,-0.6714785544132797,641.7092224865231
2016-08-31,2016,8,26.33748924,89.82770485999998,78.73496387,80.64600589999999,27.969694109999978,303.51585797999996,165.25871147,10.860263000000002,3.5948300399999784,179.71380451,118.68777258000003,3.681625759999999,15.638293460000002,9.832490109999998,46.70349221999996,194.54367413,19.05873373,696.83207035,-9.498567300000001,-8.967896482894197,-0.7044698399538487,677.661136727152
2016-09-30,2016,9,26.154208510000004,92.16619778,56.262173110000006,65.45745993000001,22.770125680000035,262.81016501000005,165.3087176,0.0,3.729315770000028,169.03803337000002,97.89800172,2.3026901,14.729549329999998,10.975792389999999,48.94354577999998,174.84957931999998,32.664199610000004,639.36197731,-10.522360919999999,-9.623516815254565,-0.6463698342728723,618.5697297404727
2016-10-31,2016,10,25.55167565,97.93264837,61.70929633000001,55.51195712999999,27.238743220000003,267.9443207,184.83315985000002,13.04155896,3.481381040000006,201.35609985000002,84.34397845999999,2.935835349999999,16.709377659999998,8.250611139999998,50.627536049999975,162.86733865999997,40.45299848000002,672.62075769,-10.27425012,-10.704573269122747,0.016310978705764867,651.658245279583
2016-11-30,2016,11,33.50015292,102.17194444000002,59.971410800000015,51.333841629999995,25.969703280000033,272.94705307000004,173.46092749000002,0.0,3.8530244600000003,177.31395195000002,35.38213928,2.7525913000000006,18.674075049999995,8.79544575,46.19259229000001,111.79684367,22.982881980000005,585.0407306700001,-10.42587348,-7.905803531479524,0.014187172772865186,566.7232408312935
2016-12-31,2016,12,24.462183170000007,120.89634893,66.56142416000002,57.92821316,26.05389809000002,295.90206751000005,147.63061214,14.592434,5.031683979999993,167.25473012,33.95103218,3.0265310899999993,11.65922101,7.5344807099999995,41.92776761000002,98.09903260000002,17.15901852,578.4148487500001,-6.613719039999999,-6.910013453220275,0.01402649587185012,564.9051427526517
2017-01-31,2017,1,28.40070881,106.52085439999999,54.21355609,53.03331938,27.94176754999998,270.11020622999996,156.79533766,0.0,1.9057013799999822,158.70103903999998,53.70706518,2.7098189100000005,5.560320779999999,5.19002737,41.18352137999999,108.35075361999999,15.655446429999985,552.8174453199999,-4.416366119999999,-10.07744975639302,-0.05574942595413096,538.2678800176528
2017-02-28,2017,2,19.6936476,77.87103759,51.19171074000001,54.33755622,25.503383689999964,228.59733584,154.42666181,0.0,4.424407970000004,158.85106978000002,48.782017589999995,2.590224999999999,8.23276767,7.00475443,36.32071953000002,102.93048422000001,14.781330189999998,505.16022003,-7.09379355,-7.950564704623381,-0.0509433855967282,490.0649183897799
2017-03-31,2017,3,29.711341720000004,114.80186198999999,64.76233991000001,64.99523882,32.70531335000004,306.97609579000004,206.83381773,12.78533729,3.550319470000007,223.16947449,39.546464209999996,3.12483786,12.248327980000001,7.40260539,39.66427246000003,101.98650790000002,18.111508459999996,650.2435866400001,-9.23513925,-10.603298873552362,-0.0655744622251408,630.3395740542226
2017-04-30,2017,4,31.16619691,105.27549008999999,58.03326648000001,77.50544037000002,34.19590094999995,306.1762948,231.34345832000002,0.0,4.015998840000009,235.35945716000003,56.95653312,2.520823629999999,16.3481955,2.220520839999999,38.51142700000001,116.55750009,27.91325595000001,686.006508,-6.78982602,-11.037596079226141,0.05121183044942035,668.2302977312235
2017-05-31,2017,5,31.00592595,113.86336169,53.44985318999999,75.92852205,26.570876440000006,300.81853932,232.14825458,0.0,3.0094305499999905,235.15768513,84.30537801,2.51212457,18.453247330000004,5.004046399999999,33.95144131000001,144.22623762,36.609652670000074,716.8121147400001,-9.60516887,-9.89320539728606,0.053511533864566946,697.3672520065786
2017-06-30,2017,6,29.2994553,104.70118713999999,57.18602175,89.72975404,30.129804519999993,311.04622274999997,186.82514453,11.37768943,4.531153779999986,202.73398773999998,95.01931626,2.6983391399999994,27.16332747,6.422840859999998,32.987577190000025,164.29140092000003,19.84501254,697.91662395,-9.02416802,-9.94765743851346,0.052100945686012756,678.9968994371725
2017-07-31,2017,7,24.838478899999995,124.49884799000002,49.060396909999994,92.40012748,35.23613233000003,326.03398361,242.78795596999998,0.0,5.072666779999992,247.86062274999998,80.26591558,2.8992627300000002,25.42860557,6.953671399999999,38.49563230999999,154.04308759,24.891862350000004,752.8295562999999,-10.15451481,-12.6510113364931,-0.3675414079272037,729.6564887455796
2017-08-31,2017,8,24.898155489999997,124.30540346000002,45.07702085000001,123.86730073999998,31.146127089999936,349.29400762999995,246.05776507,0.0,4.61164955000001,250.66941462,75.44431984000002,2.9411713699999997,21.853280880000003,8.557594760000002,41.09179968999996,149.88816654,27.235400339999988,777.0869891299999,-9.939998379999999,-10.700219712991021,-0.37938420944904633,756.0673868275597
2017-09-30,2017,9,24.16193021,130.27346503,60.42993345000001,135.69562432,43.86345136999995,394.42440438,233.17781358,12.48109152,5.115307350000002,250.77421245,56.9151109,2.6728768399999994,13.390035229999999,9.89675818,46.68417441000001,129.55895556000002,22.40845395,797.1660263399999,-10.542137610000001,-13.93867720371842,-0.3891870626237499,772.2960244636578
2017-10-31,2017,10,32.399025089999995,148.64653503,53.018117249999996,92.69074565000001,34.436173680000024,361.1905967,241.96833901,15.05958178,5.545048680000038,262.57296947000003,42.800617509999995,4.253896439999999,6.36326291,7.757294730000002,51.41803335,112.59310494,22.94362575999999,759.30029687,-9.464061099999999,-11.80780580922368,-0.23333333333333334,737.795096627443
2017-11-30,2017,11,36.587884700000004,158.13425472999998,57.602503039999995,94.23354665999999,35.15959164000003,381.71778077,220.07310913,0.0,6.528241449999996,226.60135058,26.58321046,2.979103309999999,1.7420556,7.55822201,45.63855047,84.50114185,21.91995285,714.74022605,-5.23118675,-12.96135648784948,-0.23333333333333334,696.3143494788172
2017-12-31,2017,12,24.7929597,136.74409602,58.05456039,119.28877102,40.597026909999954,379.47741404,228.89169283,0.0,8.49062386,237.38231669,38.76960206,3.3604409299999998,5.436675640000001,5.72607667,48.549226239999996,101.84202153999999,38.29717445000001,756.99892672,-8.28386996,-10.04000422989886,-0.23333333333333334,738.4417191967678
2018-01-31,2018,1,29.70164523,148.37578438999998,51.220138799999994,112.31666619000002,33.27116564000005,374.88540025000003,223.28786255000003,0.0,0.7823014000000228,224.07016395000005,50.573877440000004,4.14050403,8.08060884,4.5948853100000004,35.666454290000004,103.05632991,14.946965720000001,716.95885983,-3.8412801499999993,-6.08767076513983,0.0016666666666666496,707.0315755815269
2018-02-28,2018,2,18.48235662,128.64935104,47.200332939999996,95.66240639,27.331417980000026,317.32586497,222.74869418999998,17.16465486,1.4800101299999682,241.39335917999995,40.338317440000004,2.7475189299999996,10.4792393,7.51456041,40.97829741000001,102.05793349000001,11.456140549999999,672.2332981899999,-4.8561678399999995,-5.98868427771278,0.0016666666666666496,661.3901127389538
2018-03-31,2018,3,23.21218132,123.483489,58.36681666,70.12578192000001,37.999312789999976,313.18758169,260.53725291,0.0,3.7367799799999943,264.27403289,56.604465129999994,3.19676952,21.432422069999998,9.29586871,53.17343845999994,143.70296388999995,14.349135789999995,735.51371426,-5.27684414,-6.970960841335499,0.0016666666666666496,723.2675759453313
2018-04-30,2018,4,29.82012391,151.76474410000003,51.539044679999996,70.60560739,35.13570759999999,338.86522768000003,240.80796576,18.05893487,4.25756069000002,263.12446132,80.66895722,2.3322951499999998,22.23974958,10.72856768,42.71645231999997,158.68602194999997,17.42312265,778.0988335999999,-4.310735639999999,-10.625286791728445,0.05121183044942035,763.214022998721
2018-05-31,2018,5,33.05082219,145.49816201,62.63538792000001,96.24781104,39.06697975000003,376.49916291,272.00690639000004,0.0,4.448525860000018,276.45543225000006,104.8877329,2.657423949999999,25.003318519999997,7.14216498,43.68624791999997,183.37688826999997,19.29269540000001,855.62417883,-4.537358230000001,-14.63770809458404,0.053511533864566946,836.5026240392806
2018-06-30,2018,6,22.832569729999996,123.13967254000002,50.44866552999999,97.14634788000002,32.50721859999999,326.07447428,263.89868726,0.0,5.285497469999996,269.18418472999997,100.70545414,2.5997080699999997,24.402997600000003,11.903900340000002,36.83516384999999,176.447224,14.646123939999992,786.3520069499999,-3.4427736099999997,-11.11659688647642,0.052100945686012756,771.8447373992095
2018-07-31,2018,7,29.625568670000003,129.73489909999998,52.449509049999996,86.37249864,36.00349086,334.18596632,290.74874128,0.0,5.408079050000026,296.15682033,96.99373877000001,2.70307406,25.87891038,5.87623778,49.10095166000002,180.55291265000002,19.368207760000004,830.2639070600001,-4.97498567,-11.534776094212262,-0.3675414079272037,813.3866038878606
2018-08-31,2018,8,27.49135141,126.47102162,52.635293340000004,100.14297998999999,31.392336429999943,338.13298278999997,290.06495215000007,19.7583242,6.557967550000004,316.3812439000001,76.25293093,3.14154646,20.46691114,7.472406240000001,52.30482725000007,159.63862202000007,17.44914887,831.6019975800001,-4.486187409999999,-10.22255370433708,-0.3675414079272037,816.5257150577359
2018-09-30,2018,9,26.588340659999997,103.07899678999999,47.05577763000001,102.32767555,30.834656629999984,309.88544726,269.95512679,0.0,4.100408370000025,274.05553516000003,66.56837597,2.8195325399999995,14.56558435,8.397678180000003,60.425177959999985,152.77634899999998,17.873876669999998,754.5912080899999,-4.10749984,-10.204751683468402,-0.3675414079272037,739.9114151586043
2018-10-31,2018,10,21.18415082,114.95485422,41.50506375999999,120.66033059000002,29.98555559999994,328.28995498999996,280.17181657000003,17.1369,7.161407270000009,304.47012384000004,66.46522809999999,4.11109316,15.481589240000002,10.055133559999998,76.58740232000002,172.70044638000002,11.22901005,816.68953526,-3.57012712,-8.596988757131,-0.23333333333333334,804.2890860495355
2018-11-30,2018,11,27.261099980000004,123.71711040000001,46.72788048000002,147.4853138,33.59245572000003,378.78386038,189.92346141000002,0.0,4.687471380000005,194.61093279000002,31.5755122,3.728844149999999,14.6636245,12.484975919999998,60.56141471000003,123.01437148000002,14.787891049999997,711.1970557000001,-4.043356439999999,-11.06076274467588,-0.23333333333333334,695.8596031819908
2018-12-31,2018,12,29.41054666,108.13527269000001,42.25069098,95.42521778999999,28.23891358000003,303.46064170000005,166.20632408,0.0,6.243574429999995,172.44989851,37.53745702,3.70509725,11.84888443,8.99219933,65.28502501000003,127.36866304000003,17.95244203,621.2316452800001,-3.4909406299999994,-10.52801406836074,-0.23333333333333334,606.979357248306
2019-01-31,2019,1,26.05798043,113.21516984,52.83011416000001,136.76667482999997,28.732841529999973,357.60278079,215.15255439,0.0,1.18208077,216.33463516,47.053904360000004,2.5217763499999997,9.035269759999998,5.8386419400000005,46.858997439999996,111.30858984999999,14.699120240000013,699.94512604,-2.7665455899999998,-6.081144231122695,0.005780513333333334,691.1032167322106
2019-02-28,2019,2,17.077483840000003,71.51303234000001,35.386168239999996,86.52442147000001,16.751147220000007,227.25225311000003,260.74122850000003,0.0,3.4142429000000005,264.1554714,55.00946021,4.00263472,8.401982240000002,7.40890245,50.891208179999964,125.71418779999998,19.806583450000005,636.92849576,-3.56732401,-3.458268933162614,0.005780513333333334,629.9086833301708
2019-03-31,2019,3,27.35398045,142.54337653000002,55.44381344000001,108.27674245,22.06991948999996,355.68783236,174.78043654,0.0,3.52260798,178.30304452000001,64.21573390999998,4.1241749500000005,12.333069499999997,13.782405930000001,47.965186720000005,142.42057100999997,14.855015799999904,691.2664636899999,-3.937976,-7.424376982313794,0.005780513333333334,679.9098912210194
2019-04-30,2019,4,27.545092520000004,124.88804001000001,51.26631836,98.42247055,20.490951940000002,322.61287338000005,163.90890763,0.0,4.92213133,168.83103896,54.01279047000001,2.8189253499999993,18.424046060000002,8.86349266,47.24838206999998,131.36763661,18.025164639999872,640.8367135899999,-3.3279924100000002,-6.5041033265345805,0.16435681666666666,631.168974670132
2019-05-31,2019,5,29.804422810000002,142.38845018,50.29297287999999,128.28871301,20.27990735000003,371.05446623,213.12262314000003,12.17967331,3.88070915,229.18300560000003,98.36034583,2.81183095,13.709500300000002,10.299347290000002,47.55697050999997,172.73799487999997,19.939337199999926,792.9148039099999,-3.5572825699999995,-7.611394642494,0.16435681666666666,781.9104835141726
2019-06-30,2019,6,26.648047250000005,122.61266221,55.35190846,129.54318236999998,22.717238689999988,356.87303898,224.09238243,0.0,3.09906477,227.1914472,65.35434952,2.5381301099999996,12.816264,11.64462302,65.61098961999997,157.96435626999997,22.835364939999977,764.8642073899999,-2.13070016,-5.92342652213884,0.16435681666666666,756.9744375245278
2019-07-31,2019,7,22.55072773,129.79287018000002,49.11935209999999,187.02242660000002,24.14203581999999,412.62741243,239.92060850000001,0.0,4.429173700000001,244.34978220000002,90.58763551,3.47300646,11.905682930000003,12.239996510000001,60.03625765999999,178.24257906999998,22.45773389999991,857.6775075999999,-2.6491738799999993,-5.99757114236348,-0.23333333333333334,848.7974292443031
2019-08-31,2019,8,21.04341934,94.02044484000001,40.550180530000006,215.57844236,19.07254776999997,390.26503484,234.53357799000003,0.0,2.5810718799999997,237.11464987000002,76.71003124999999,2.7429590299999997,16.46745786,11.980035370000001,64.50718158000005,172.40766509000002,16.30946875999993,816.09681856,-3.91927795,-4.1879475491669,-0.23333333333333334,807.7562597274997
2019-09-30,2019,9,14.926686100000001,93.48878416,51.7692979,202.71776128000002,16.43609697000005,379.33862641,220.6688953,0.0,3.08253236,223.75142766,53.29664463,2.12336025,11.284171990000003,13.25128178,82.34855604999996,162.30401469999995,18.625257700000162,784.0193264700001,-2.5023135499999998,-4.74239079615744,-0.23333333333333334,776.5412887905093
2019-10-31,2019,10,23.24663817,89.60008667000001,51.032261909999995,132.97110632,21.369542790000025,318.21963586,273.20408743,0.0,3.6366430800000002,276.84073051,70.24522553000001,2.6728728200000003,12.57501493,16.08478062,66.44315925000002,168.02105315000003,10.777929639999854,773.8593491599999,-2.66951916,-4.892128365458401,-0.3675414079272037,765.9301602266142
2019-11-30,2019,11,28.14456366,94.67298701000001,45.85988917,141.25699353000002,15.099652869999943,325.03408624,285.57566767000003,9.30343534,3.02916727,297.90827028000007,10.411274390000003,1.7652328699999997,10.11929516,15.199116730000002,28.76715628000001,66.26207543000001,8.380812319999848,697.58524427,-1.89099118,-5.5101245002103205,-0.3675414079272037,689.8165871818625
2019-12-31,2019,12,20.89318277,120.4910065,57.68296637000001,176.26739816,22.341903030000026,397.67645683,214.23540647,0.0,3.15534528,217.39075175,31.041206400000004,4.50171575,17.06936511,9.783803860000003,80.47375489999997,142.86984601999998,19.399877330000123,777.3369319300001,-3.6873180899999993,-5.279568858527,-0.3675414079272037,768.0025035735459
2020-01-31,2020,1,18.022429620000004,99.71930303,56.19937822,182.62098218000003,22.313702130000024,378.87579518000007,249.70605260000002,10.517484710000002,2.2112083599999997,262.43474567000004,46.29327868000001,3.863811439999999,6.22194501,7.79789857,66.35721858999997,130.53415228999998,24.08819891,795.93289205,-2.8039416300000006,-4.88671072622854,0.003723589999999992,788.2459632837714
2020-02-29,2020,2,22.170445939999997,93.44917175,55.34856048,157.15527229,14.100181280000072,342.22363174000003,188.29389999,0.0,3.84059867,192.13449866,54.07687903,3.3769998999999995,7.244585450000001,12.921239730000002,50.873440539999976,128.49314464999998,12.053292630000001,674.90456768,-3.14855977,-4.68903447694488,0.003723589999999992,667.0706970230551
2020-03-31,2020,3,24.883819539999998,71.67609507000002,37.55581955,113.77742839,15.12202382999999,263.01518638,192.50741114,0.0,3.79899782,196.30640896,64.39324065,2.8297551100000007,8.42181739,8.04430292,56.04018099999999,139.72929707,7.523304619999999,606.5741970299999,-3.15538212,-3.77488990641674,0.003723589999999992,599.6476485935832
2020-04-30,2020,4,0.68753363,5.08972656,0.87993751,0.21013451,1.3335081000000013,8.20084031,116.9057838,0.0,1.244357,118.15014079999999,62.78922942,1.0116766599999998,9.142338039999999,0.0,36.51050145999997,109.45374557999997,3.9985524999999997,239.80327918999996,-1.93019334,-0.0022233532168850203,0.1077843235580435,237.9786468203411
2020-05-31,2020,5,6.84671254,19.278931050000004,16.34309417,10.687757910000002,4.71643435,57.872930020000005,145.41012021,0.0,2.4145037499999997,147.82462396,67.90721026,1.5640086100000001,11.2338881,0.0,44.14659314999997,124.85170011999998,5.508971169999998,336.05822527,-2.08520373,-0.828265314683958,0.1089341752656168,333.25369040058166
2020-06-30,2020,6,12.84413732,64.85947865,43.99629709,89.69123203000001,17.38777718000003,228.77892227000004,169.67262584000002,0.0,2.51941671,172.19204255000002,71.85322,2.4801419399999998,11.797649810000001,14.91636143,56.16564948,157.21302265999998,6.4722838199999995,564.6562713000001,-1.9791398299999998,-3.46491652439814,0.1082288811763397,559.3204438267783
2020-07-31,2020,7,11.66172574,49.78416895000001,40.01324594,106.35101388999999,11.46278552999999,219.27294005,153.75923066000001,0.0,1.68940284,155.44863350000003,80.17144952999999,3.4693679299999998,11.08999459,7.825006060000001,54.99336606999999,157.54918418,10.401148209999999,542.67190594,-1.9950563499999998,-2.607161912903104,-0.30043737063026854,537.7692503064667
2020-08-31,2020,8,7.153539970000001,61.34674191,49.235353100000005,67.92977757,13.655218959999985,199.32063151,163.98314886,0.0,0.83017775,164.81332661,66.14290324,3.0757550800000013,10.337269269999998,11.972319740000001,52.570270150000056,144.09851748000006,13.22824184,521.46071744,-2.2957214799999996,-4.009234999853885,-0.30043737063026854,514.8553235895159
2020-09-30,2020,9,13.36602134,65.89124697000001,63.996307140000006,67.99456695,13.247795029999992,224.49593743000003,143.9490068,0.0,1.82395639,145.77296319,60.18755743,5.61020533,12.72354355,13.1743185,74.17800487000002,165.87362968000002,11.46771815,547.6102484500001,-2.5663337,-3.7252692931645486,-0.30043737063026854,541.0182080862054
2020-10-31,2020,10,12.824408160000003,87.26758714000002,85.77517195,91.72936722,21.91523260999992,299.51176707999997,153.32807019,0.0,1.5630926299999999,154.89116282,64.81250888000001,5.09618065,15.819487190000002,21.017464349999997,86.50549033999997,193.25113140999997,32.82327432000002,680.47733563,-2.61823647,-6.537399168296368,-0.3675414079272037,670.9541585837763
2020-11-30,2020,11,40.36893001,102.5234968,69.95434174,161.52941572999998,16.37431515999998,390.75049944,159.15032169,0.0,2.8423861300000004,161.99270782,66.65480797,5.2468837,13.81058449,16.997486730000002,74.42729315000007,177.13705604000006,14.27494045,744.15520375,-2.5656210500000003,-4.521243418484252,-0.3675414079272037,736.7007978735886
2020-12-31,2020,12,35.083837779999996,100.18497698,82.92933789,232.05299932,24.45639787999994,474.70754984999996,152.62690606,0.0,4.434313599999999,157.06121966,80.67417056,4.975137069999999,7.53228263,20.40576757,78.85078711999996,192.43814494999995,14.105939149999998,838.3128536099999,-2.4867627599999995,-9.176760813626213,-0.3675414079272037,826.2817886284465
2021-01-31,2021,1,32.216918940000006,96.36168388,89.52493384000002,150.20463441000004,20.48889501000002,388.7970660800001,171.66320857000002,0.0,2.67162115,174.33482972000002,83.92428704000001,4.0346988,5.94238828,15.32051857,64.21570695000001,173.43759964000003,11.224547329999991,747.7940427700001,-2.39603906,-6.6329372376535405,-0.08919766666666666,738.6758688056799
2021-02-28,2021,2,38.969271719999995,91.56399722,98.41402768,175.73541581,21.985132609999994,426.66784504000003,143.33846946,8.75251872,5.0053139700000004,157.09630215,92.40841154,5.699997199999999,8.69923889,16.42667158,67.16499865999997,190.39931786999998,10.872809099999998,785.0362741600001,-2.27688714,-4.6781142715093,-0.08919766666666666,777.992075081824
2021-03-31,2021,3,56.23229876999999,111.64958869,83.88914912,162.64765328,23.441962939999996,437.86065279999997,176.67151248,0.0,5.78016607,182.45167855,73.28225375000001,6.412317270000002,10.24992005,22.48430382,74.49877926000008,186.92757415000008,12.706783450000005,819.9466889500001,-2.48282183,-5.06117269343578,-0.08919766666666666,812.3134967598976
2021-04-30,2021,4,28.220392979999996,121.10974139000001,90.15382924,178.80579756999998,25.15231818000001,443.44207936,180.66072143000002,0.0,4.34844638,185.00916781000004,137.97303897,4.5330191200000005,10.080002340000004,17.881684840000002,61.95946324999997,232.42720851999997,10.525908809999997,871.4043645,-2.4013777800000002,-5.33927698435824,-0.08980300000000001,863.5739067356419
2021-05-31,2021,5,56.76497189000001,113.69820455,101.23260511000002,188.2567825,25.234569239999928,485.18713329,191.84300978,0.0,4.7117996,196.55480938,145.10459066,4.664697060000001,17.640293550000003,29.86105234,66.31577442000003,263.58640803000003,11.909644009999994,957.2379947100001,-3.5963535599999994,-6.00711664356098,-0.08980300000000001,947.5447215064391
2021-06-30,2021,6,40.16922731,107.42663996000002,77.04716314,202.17587103000002,27.708946810000043,454.52784825000003,190.67326036,0.0,5.965029759999999,196.63829012,153.30460226999998,5.428479510000001,16.496165800000004,20.382405240000004,66.49615441000003,262.10780723,15.92134288,929.1952884799999,-2.9615764799999997,-4.699701602865921,-0.08980300000000001,921.444207397134
2021-07-31,2021,7,59.404999180000004,107.66636844,89.31208052999999,227.94479623000004,27.88042796000002,512.20867234,214.88161234,0.0,7.698742869999999,222.58035521,138.11223182000003,8.52962976,19.24897218,21.883974289999998,78.05801869999988,265.8328267499999,12.01683085,1012.63868515,-2.5748297699999996,-5.238337896564087,-2.0419552059386974,1002.7835622774973
2021-08-31,2021,8,27.786651350000003,131.81934877,76.80123604,238.45793295,31.357474360000026,506.22264347000004,203.40032997999998,11.329666220000002,8.51159146,223.24158766,124.43542790000001,8.786902470000001,23.124480839999997,17.9505531,81.77962259999995,256.07698690999996,9.939782149999994,995.48100019,-3.4568658899999996,-5.20464507124292,-2.0419552059386974,984.7775340228184
2021-09-30,2021,9,29.241638059999996,121.12288891,76.79291549,284.55736725,25.14791849000011,536.8627282000001,181.48959294,0.09327938000000001,6.2816654100000004,187.86453773,98.46464376,6.911442760000001,16.079928520000003,11.95265384,86.19992416999995,219.60859304999997,15.30735776000001,959.6432167400002,-3.38383477,-5.206348157076881,-2.0419552059386974,949.0110786069846
2021-10-31,2021,10,47.668026420000004,125.83553774000002,75.58170213000001,273.42908654000007,29.42228539999985,551.93663823,200.00188373999998,0.08861105999999999,8.672610030000001,208.76310482999997,115.09766942000002,7.290578259999999,12.58968873,12.672707400000002,105.38531466999999,253.03595848,11.925563039999998,1025.6612645799999,-4.00844601,-5.244170320667401,-2.3509738466666668,1014.0576744026658
2021-11-30,2021,11,80.36548337999999,147.85427334999997,96.42140622999999,283.92354811999996,29.031974680000076,637.59668576,192.70547147,0.019690669999999997,6.447620049999999,199.17278219,101.70037688000001,8.99415143,9.9886262,8.08368435,89.13834232000008,217.90518118000008,12.887487400000001,1067.56213653,-3.78856865,-6.211554522739245,-2.3509738466666668,1055.2110395105942
2021-12-31,2021,12,69.63605293999998,107.68515413,64.04966321,361.83870426,25.790612080000074,629.00018662,201.74802021,0.0,7.795460919999998,209.54348113,109.43991603,9.350246709999999,5.7996151099999995,9.02505259,105.35747219000012,238.97230263000012,10.346218099999998,1087.8621884800002,-2.8381837199999995,-4.35933486339163,-2.3509738466666668,1078.3136960499419
2022-01-31,2022,1,49.87939491,132.63449387,78.50119741,370.98377719,30.407539029999953,662.40640241,230.25869021,0.03648075,4.49726675,234.79243771,122.33694780000002,5.943046400000001,3.7775613399999997,9.50537027,78.93073824000001,220.49366405000004,7.086790510000002,1124.77929468,-3.4305066199999996,-8.139611137968956,-3.02368463,1110.185492292031
2022-02-28,2022,2,71.07363811,130.73128624,73.89837639000001,228.20935948999997,26.92113105999988,530.8337912899999,213.87924876000002,0.03685234,5.174013,219.09011410000002,177.90444729,8.464280399999998,7.33778403,9.31888495,106.00489661,309.03029328,14.199498819999999,1073.15369749,-3.59904931,-5.596147495094288,-3.02368463,1060.9348160549057
2022-03-31,2022,3,85.11138385000002,160.41906502,85.02576088,268.58537901,38.294359910000026,637.4359486700001,240.66859928000002,0.13041286,8.0787144,248.87772654000003,120.82050007999999,8.747371669999998,16.64960231,12.653463160000001,111.65395867999999,270.5248959,25.191091899999982,1182.0296630100001,-4.37573549,-5.258858670994153,-3.02368463,1169.3713842190061
2022-04-30,2022,4,61.89386294,169.66896354,85.94560342999999,244.86453990999996,33.791988360000005,596.16495818,237.08095131,0.0586681,10.361079599999998,247.50069901,217.05813885999999,7.5547574499999985,22.66190414,16.29915937,135.3655802699999,398.93954008999987,11.691768209999996,1254.2969654899998,-4.36308737,-6.832173081421461,0.16965579666666666,1243.271360835245
2022-05-31,2022,5,58.423995790000006,201.71207601000003,79.68779576000001,244.46483666,29.784144719999972,614.07284894,253.31708436999998,0.0839119,10.715897969999999,264.11689423999997,270.92630219,7.336667430000001,30.117464360000007,12.86767878,142.8279504599999,464.07606321999987,14.187465609999993,1356.4532720099996,-4.12554177,-4.666442716122201,0.16965579666666666,1347.830943320544
2022-06-30,2022,6,31.728447080000002,189.38300639,73.71889646000001,308.03504007,29.82722678000016,632.6926167800001,255.24960045,0.0494754,7.2011344699999995,262.50021032,268.72796694,7.570624289999999,22.5374944,9.35363909,138.11202631999993,446.30175103999994,14.042915830000002,1355.5374939700002,-3.6636865399999996,-6.118506246789364,0.16965579666666666,1345.9249569798774
2022-07-31,2022,7,29.26088387,142.19157515999999,69.75253284,276.25498552,33.76804870000001,551.22802609,319.05595681,0.0,8.34867887,327.40463568,273.60411286,8.601408869999997,28.253397210000003,12.07560026,110.25460745999993,432.7891266599999,11.65393604,1323.0757244699998,-4.2393011199999995,-4.174253113748766,0.20004282999999998,1314.8622130662511
2022-08-31,2022,8,22.94630208,147.40716845999998,64.92025690999999,280.30277077,32.16258017000007,547.73907839,288.88788927,0.0,7.280018770000001,296.16790804000004,233.91670750000003,6.00159717,18.562663660000005,2.8253826600000003,113.64511662000007,374.9514676100001,12.25936046,1231.1178145000001,-5.64399577,-4.829997597199884,0.20004282999999998,1220.8438639628002
2022-09-30,2022,9,14.459041110000001,165.11586058999995,67.49475418,239.03179118999995,26.704079610000065,512.80552668,267.77577007,0.0,7.5598324,275.33560247,202.46846599999995,7.238769320000002,15.302702929999999,0.96920428,113.22391452000002,339.20305705,9.899889090000002,1137.24407529,-4.8647535500000005,-5.704234493591198,0.20004282999999998,1126.8751300764088
2022-10-31,2022,10,29.88748922,122.09964089000002,58.67574815,256.15431815,27.87645931000003,494.69365572000004,227.13437934,0.0,3.62700279,230.76138213000002,155.72066227999997,7.003576740000001,13.323136289999999,0.48813311,91.04255294999996,267.57806136999994,11.82269106,1004.85579028,-5.11136134,-5.60485044095362,0.05320633333333332,994.1927848323796
2022-11-30,2022,11,25.006161829999996,113.65896864000001,61.68823852,261.61402881000004,17.871861799999976,479.83925960000005,215.87373048,0.0,2.05957773,217.93330821,73.69762005000001,4.56486993,8.77311009,0.6913108600000001,67.01010370999997,154.73701463999998,9.999778289999998,862.50936074,-5.00947228,-4.894380789667821,0.05320633333333332,852.6587140036656
2022-12-31,2022,12,31.908042190000003,149.35964138,70.05998124,251.62992452000006,26.324920920000068,529.2825102500001,224.24228951,0.0,5.47730434,229.71959385,123.26715530999999,6.57651781,7.9996709599999996,0.5077141,107.28886762999997,245.63992580999997,14.48835241,1019.13038232,-5.392416269999999,-5.954904106700616,0.05320633333333332,1007.8362682766327
2023-01-31,2023,1,29.109604449999996,113.42873733,61.551411419999994,271.629577,20.537611250000054,496.25694145,203.39244214,0.0,6.35417906,209.74662120000002,54.87943926,6.382524279999999,5.640408949999999,0.8105291,74.38522835000002,142.09812994,6.233609050000001,854.3353016400001,-4.79868991,-4.835683586892473,0.05320633333333332,844.754134476441
2023-02-28,2023,2,20.54866982,101.26741123000001,52.45793347,223.5570921,22.353197790000024,420.18430441000004,180.70073185,0.0,3.55440804,184.25513989,90.95595174000002,4.860562789999998,7.1463749100000005,0.33787741,57.4849164,160.78568325000003,14.023074139999999,779.2482016900001,-3.9129726099999997,-2.6641881421998264,0.05320633333333332,772.7242472711337
2023-03-31,2023,3,19.180831429999998,135.61886160999998,70.36346886000001,286.66782801,29.158336459999987,540.98932637,191.62587933999998,5.99244938,1.8341044299999998,199.45243315,152.82855024,6.5908148099999995,5.93507215,0.6550956600000001,91.53574589999997,257.54527876,13.387800939999998,1011.37483922,-6.02699886,-3.728302043076134,0.05320633333333332,1001.6727446502572
2023-04-30,2023,4,22.12912369,131.22219360999998,78.20020244999999,267.13653229,22.762064680000037,521.45011672,167.22409312,4.8788504,2.6509142199999998,174.75385774,211.64846336000002,6.840505250000002,6.894001879999999,0.59605781,77.02205663999999,303.00108494,12.45899107,1011.66405047,-6.46994808,-3.8572234725391144,-1.8390096541496603,999.4978692633113
2023-05-31,2023,5,41.28987194999999,126.84902635,99.48148337,194.57514317,30.45245209000001,492.64797693,157.14478743,0.10137163,2.20659324,159.4527523,209.24981625000004,5.801613819999997,7.75717654,0.53072467,77.71262243999993,301.05195372,22.02030894,975.17299189,-6.68366072,-5.259488241669178,-1.8390096541496603,961.3908332741812
2023-06-30,2023,6,33.8475817,104.39236623000001,98.72384387,197.57196480000002,35.10549062000001,469.64124722,171.46766885,0.0,2.5432785199999994,174.01094737,167.6690803,6.26392451,10.36267257,0.41138453,80.03956119000003,264.7466231,12.78322208,921.18203977,-4.82938132,-4.425392345964683,-1.8390096541496603,910.0882564498855
2023-07-31,2023,7,41.04518744,97.45031404000001,96.39745146000001,194.53957476,36.07785032999999,465.51037803,175.60454123,0.09967962,1.2142304400000001,176.91845128999998,199.06146262,6.30034169,12.447108739999997,0.39022901000000004,95.96287379999998,314.16201586,12.964414319999996,969.5552594999999,-5.983718509999999,-3.5185369230285555,0.067236,960.1202400669713
2023-08-31,2023,8,51.089806839999994,103.71504699,104.33334491999999,201.2462179,39.05008419999996,499.43450085,163.94763673,0.054060330000000004,3.01055886,167.01225592,174.28503867,5.943216010000001,9.124372600000003,0.97841361,96.93391992999997,287.26496082,24.84971245999999,978.56143005,-5.832253516666666,-4.486645024411282,0.067236,968.309767508922
2023-09-30,2023,9,51.51252246999999,94.57655257,96.81410453000002,181.01399263999997,37.46870928999999,461.3858815,152.48618646,0.02353199,2.91737674,155.42709519000002,140.25159844,5.07712716,8.324875119999998,0.63219501,102.75967290000006,257.0454686300001,16.76965783,890.6281031500001,-5.5484511155555545,-5.281524713646723,0.067236,879.8653633207979
2023-10-31,2023,10,32.21241673,113.43802862000001,71.56120283000001,242.9349731,30.55788425999998,490.70450554,167.33280509000002,0.15746651,0.8829153700000001,168.37318697000003,136.71424404000004,6.3438830500000005,11.789867189999997,1.2593091,108.11576844000007,264.2230718200001,32.598019230000006,955.8987835600001,-5.788141047407406,-4.773468605929504,-0.03425,945.3029239066632
2023-11-30,2023,11,31.38951181,98.64029506,80.87589201000002,151.86497607,33.29089588000005,396.06157083000005,152.16417807,0.0,3.4716811499999998,155.63585922,112.31826247999999,6.812594149999998,10.8901776,0.41737109000000006,106.94334838999998,237.38175370999994,34.11187342999998,823.1910571899999,-5.722948559876542,-5.524123628567538,-0.03425,811.9097350015559
2023-12-31,2023,12,34.011376340000005,105.67449153,87.73079261999999,77.69131777999999,26.187791369999957,331.29576963999995,166.59174842,0.12980631,2.1766818900000002,168.89823661999998,106.2681555,7.7603776700000004,11.08481586,0.87520813,106.93618807000006,232.92474523000007,14.757247440000004,747.87599893,-5.686513574279835,-4.41519082613972,-0.03425,737.7400445295805
2024-01-31,2024,1,44.85713949000001,94.03612172,72.8591643,38.2948811,30.086029439999976,280.13333604999997,152.51727619000002,0.24292092,6.52698827,159.28718538,79.30472821000001,5.528063100000002,4.57141808,4.79113503,78.7955009,172.99084532,7.4162203899999986,619.8275871400001,-3.96162336,-3.753159090772269,0.007873546666666667,612.1206782358946
2024-02-29,2024,2,35.94839902,85.98809349000001,71.6963291,72.53326002000001,29.426157969999963,295.59223959999997,132.87381753,0.30200826000000003,3.64888675,136.82471254,80.43154458000001,6.121639480000001,7.619347960000001,13.878007499999999,91.90843274999992,199.95897226999992,19.606942379999996,651.9828667899999,-4.71851058,-3.1146429282933696,0.007873546666666667,644.1575868283732
2024-03-31,2024,3,40.48194616000001,97.70334556,81.03146841,75.55635744,32.20124697,326.97436454,161.46668148000003,0.056406620000000005,2.99299911,164.51608721000002,27.232901420000005,7.327902410000002,14.483572400000002,14.780719560000001,91.55888297999999,155.38397877,12.16194745,659.03637797,-6.06122903,-5.059186662832584,0.007873546666666667,647.9238358238341
2024-04-30,2024,4,41.61772771,99.47569739999999,111.01900202,98.04001790999999,32.54752702999991,382.6999720699999,148.89449892000002,0.12054578,1.4473959399999998,150.46244064,101.99646282,6.600156889999999,16.924303730000002,18.22825709,86.53318716999999,230.28236769999998,61.65806754000001,825.10284795,-5.625680989999999,-4.815026648947722,-0.09628747,814.5658528410522
2024-05-31,2024,5,46.476492140000005,142.28041047,110.54907473000002,70.52411079,38.265514310000015,408.09560244000005,144.09921036,0.0,1.9097923399999999,146.0090027,129.47552013,6.4403557299999985,16.343447639999997,14.886871949999998,84.56786850000009,251.71406395000008,9.41337232,815.2320414100002,-4.2962603,-5.649323258843136,-0.09628747,805.1901703811571
2024-06-30,2024,6,42.907474289999996,112.47015685,128.68402885,73.31730986,45.338026710000065,402.71699656000004,141.41804779,0.1854547,2.00729944,143.61080193,155.25550854,6.71354106,18.28797587,19.53387315,96.65367469000006,296.44457331000007,10.905248910000001,853.6776207100002,-4.00675165,-5.654187678184811,-0.09628747,843.9203939118154
2024-07-31,2024,7,60.70641277,134.21223179,113.91384396000001,54.29921493,39.128689339999994,402.26039279,145.41901394,0.08444725,0.40050074999999996,145.90396194000002,112.56152102,6.046843150000001,24.26570727,9.64625129,108.65871294999997,261.17903567999997,14.661121329999997,824.00451174,-3.3301876999999998,-4.114349541498441,-0.03908267666666667,816.5208918218349
2024-08-31,2024,8,79.61330182,100.44737925,121.42126881,39.48444112,37.70562670999999,378.67201771,141.35384824,0.0,1.52991411,142.88376234999998,113.60173782000001,6.33219805,20.495812280000003,10.99712358,112.47643054000002,263.90330227000004,10.85588295,796.31496528,-4.108065120000001,-6.352887700139799,-0.03908267666666667,785.8149297831935
2024-09-30,2024,9,50.539227049999994,109.83342341000001,125.43471718,60.55189862000001,40.36706239,386.72632865,112.59259094,0.08711299000000002,1.6918176500000002,114.37152157999999,91.46475425,7.50970129,22.17658422000001,25.42991334,105.99951463999992,252.5804677399999,17.50961871000002,771.1879366799999,-4.52265065,-5.4462569036795,-0.03908267666666667,761.1799464496538
2024-10-31,2024,10,51.84349889,151.3840361,132.48160715999998,61.191819439999996,32.05117459999997,428.95213619,106.57873964,0.22498547,1.38656342,108.19028852999999,44.91202587,5.61146305,15.29265934,22.14823002,94.08800750999998,182.05238579,13.132013099999998,732.32682361,-6.682147659999999,-6.9,-0.08175365999999999,718.66292229
2024-11-30,2024,11,51.51268054,136.65568225,122.84397119999998,29.120757960000002,47.235822780000035,387.36891473000003,118.76411587,0.11532616,1.11850128,119.99794331,44.60122174,8.113126600000003,11.95835197,14.097089200000003,112.80414115,191.57393066,13.53111328,712.47190198,-7.737572880000001,-7.6812207642098915,-0.08175365999999999,696.97135467579
2024-12-31,2024,12,45.70730835,151.24670522,135.12833061999999,20.377180050000003,45.89090980000003,398.35043404,108.67942866,0.0,1.9010959099999998,110.58052457,84.58160355000001,6.53531088,11.79598935,19.4999477,130.67821676999998,253.09106824999998,35.97990131,798.0019281699999,-6.47883159,-8.40292875790322,-0.08175365999999999,783.0384141620967
2025-01-31,2025,1,36.8097584,124.62014005,126.13017647999999,23.78975164,36.65008196000002,347.99990853,93.24862169,0.0,1.0325394105,94.28116110049999,44.93193565,4.704722990000001,6.950628799999999,14.6364752,104.07112076000001,175.2948834,7.988871749499955,625.56482478,-3.34053574,-8.326606957388234,-0.02620163,613.8714804526119
2025-02-28,2025,2,42.880754360000005,102.05542678,119.03922322,23.019162530000003,37.539022680000016,324.53358957,90.70912748,0.0,0.8525531300000001,91.56168061000001,36.39416143,4.723611350000001,9.741079840000001,4.39928752,86.93769334000004,142.19583348000003,10.4603031,568.7514067600001,-5.33495035,-5.6784586329568105,-0.02620163,557.7117961470434
2025-03-31,2025,3,31.95917835,105.32389313,107.94924273000001,28.112518939999998,43.59199971000004,316.93683286000004,111.80933135,0.0,0.29014577,112.09947711999999,41.29702741,4.350859579999999,15.276597690000001,22.88692593,77.43764778999994,161.24905839999994,9.773397789999999,600.05876617,-4.696965260000001,-6.080609979704005,-0.02620163,589.2549893002961
2025-04-30,2025,4,47.081716230000005,124.89848960000002,124.17299803,111.1848519,48.80196866,456.14002442000003,85.90294951,0.0,0.17507175,86.07802126,91.75007161,5.0641245700000015,22.30776523,17.57458606,80.64105895,217.33760642000001,8.54013232,768.0957844200001,-4.5050738400000006,-5.014957866157205,-0.18200846333333334,758.3937442505095
2025-05-31,2025,5,49.382348740000005,103.77338166000001,106.34828598000003,109.24066149000001,52.36779469999999,421.11247257,89.58723797,0.0,0.31310084,89.90033881000001,144.35419844,4.16356917,22.42347377,21.510843530000002,71.38101847000001,263.83310338,13.057690309999998,787.90360507,-5.614868809999998,-5.655499950992604,-0.18200846333333334,776.4512278456741
2025-06-30,2025,6,46.890765959999996,110.14936264000002,130.41001667,106.78993353000001,35.03262034000005,429.27269914000004,100.4737283,0.0,0.20323172,100.67696002000001,90.10168842000002,3.83190527,31.864965020000003,42.44463576,83.07306680000008,251.31626127000007,12.07996478,793.34588521,-5.370814129999999,-6.215522446086723,-0.18200846333333334,781.5775401705799
2025-07-31,2025,7,33.60287005000001,116.24112827999998,161.47208052000002,64.69199377,53.44167256000003,429.44974518000004,100.86787326000001,0.0,0.39494628000000004,101.26281954000001,130.20479807,5.014442840000001,24.96464829,21.82663189,118.70834776000004,300.71886885000004,11.156695070000001,842.58812864,-4.25289371,-7.092535253801017,-0.18200846333333334,831.0606912128658
2025-08-31,2025,8,50.391962160000006,114.61107494000001,146.08045962,79.30614222999999,54.80909609999998,445.19873505,92.72577856000001,0.0,0.48662516,93.21240372000001,106.77851095,5.543895900000001,24.44316225,11.494748620000001,126.50740876000003,274.76772648,13.998504519999994,827.1773697699999,-4.70037226,-5.805309098772336,-0.11523410619047618,816.5564543050372
