date,year,month,BienesConsumo_NoDuradero,BienesConsumo_Duradero,BienesConsumo_Total,MateriasPrimas_CombustiblesYLubricantes,MateriasPrimas_ParaAgricultura,MateriasPrimas_ParaIndustria,MateriasPrimas_MaterialesConstruccion,MateriasPrimas_PartesAccesoriosEquipoTransporte,BienesCapital_Total,BienesCapital_ParaAgricultura,BienesCapital_ParaIndustria,BienesCapital_EquipoTransporte,BienesCapital_TotalAmpliado,Diversos_Total,TotalImportaciones_CIF,TotalImportaciones_FOB,Importaciones_ParaTransformacion,ImportacionesTemporales_VehiculosYAeronaves,TotalImportaciones_CIF2,TotalImportaciones_FOBAjustado_MillonesUSD
1998-01-31,1998,1,16.408559,10.640837999999999,27.049397,8.164833999999999,6.321458,44.299883,6.926508,4.025872,69.73855499999999,0.9472109999999999,32.48485,7.189591999999999,40.621653,0.762973,138.172578,,,,135.1726,0.0
1998-02-28,1998,2,15.444517999999999,8.987506999999999,24.432024999999996,8.979288,4.660633,35.641582,6.605824999999999,3.392153,59.279481,1.6440919999999999,23.074666,45.099942,69.8187,1.2877429999999999,154.817949,,,,111.8179,0.0
1998-03-31,1998,3,17.346847,7.7914259999999995,25.138272999999998,6.958263,5.865584999999999,42.852039,4.755039,3.738933,64.169859,3.5633649999999997,48.260971,5.445181,57.26951699999999,1.2452459999999999,147.82289500000002,,,,142.8229,0.0
1998-04-30,1998,4,16.719586,8.766427,25.486013,9.412295,3.774184,46.136257,5.556578,4.368151999999999,69.24746599999999,1.8356469999999998,30.340244,2.987294,35.163185,0.703708,130.600372,,,,130.6004,0.0
1998-05-31,1998,5,18.874322,11.428308999999999,30.302630999999998,9.410323,3.955656,46.489435,6.702247,4.4166099999999995,70.974271,2.457772,27.044655,7.990023,37.49245,0.6151409999999999,139.384493,,,,139.3845,0.0
1998-06-30,1998,6,17.621969999999997,9.169744,26.791714,9.975783999999999,4.575841,49.720411999999996,5.970121,3.943803,74.185961,1.789715,13.673205999999999,2.398304,17.861224999999997,0.923663,119.762563,,,,119.7626,0.0
1998-07-31,1998,7,20.792638,10.791373,31.584011,10.70572,5.312422,49.048303,6.754985,4.023915,75.845345,0.977421,18.583365,4.549663,24.110449,0.750294,132.290099,,,,132.2901,0.0
1998-08-31,1998,8,20.580106,9.751678,30.331784,10.329307,3.4976369999999997,45.697486,7.6859519999999995,4.1905149999999995,71.400897,1.186632,18.768459,2.331216,22.286307,1.0483529999999999,125.06734100000001,,,,125.0673,0.0
1998-09-30,1998,9,19.81198,11.674964,31.486943999999998,10.680667,3.4425209999999997,46.378600999999996,6.385212999999999,4.257632,71.144634,1.5949849999999999,36.893682,8.498802999999999,46.98747,1.4688869999999998,151.087935,,,,148.3979,0.0
1998-10-31,1998,10,18.192246,13.69432,31.886566000000002,10.217627,9.894494,49.044559,6.066364999999999,3.5657509999999997,78.788796,5.026425,31.080081999999997,7.632827,43.73933399999999,2.39446,156.809156,,,,149.2692,0.0
1998-11-30,1998,11,20.922531,13.592319999999999,34.514851,9.089772,10.013971999999999,47.55075,6.824300999999999,3.9777799999999996,77.456575,2.828764,19.631377999999998,7.643936,30.104077999999998,1.080087,143.155591,,,,135.9956,0.0
1998-12-31,1998,12,23.828653,16.339305,40.167958,10.665769,7.765458,48.21118,9.177632,4.146688,79.96672699999999,1.59615,22.839214,7.744759999999999,32.180124,0.780289,153.095098,,,,145.3251,0.0
2004-01-31,2004,1,18.568315,13.807239,32.375553999999994,7.5892800000000005,7.042383,43.145423,6.3758490000000005,4.16109,68.314025,3.2475190000000005,25.902873,9.848324999999999,38.998717,0.547571,140.23586699999998,,,,132.46188428962998,0.0
2004-02-29,2004,2,16.357909,11.555568999999998,27.913477999999998,7.657745,4.384292,43.233991,7.02351,4.093148,66.39268600000001,4.720679,26.354253,9.040225,40.115156999999996,0.736713,135.15803400000001,,,,127.59702088805,0.0
2004-03-31,2004,3,23.495307,15.860420000000001,39.355727,7.978585,6.540708,50.174658,7.8896,5.188593,77.772144,9.476144999999999,23.459899,9.244091,42.18013499999999,0.9234309999999999,160.231437,,,,152.49239372416,0.0
2004-04-30,2004,4,18.581975999999997,10.339689,28.921664999999997,8.496998,4.825837,47.85381400000001,5.815937,4.567121,71.559707,3.1373309999999996,23.928787,6.975064000000001,34.041182,0.8237260000000001,135.34628,,,,131.91586155307,0.0
2004-05-31,2004,5,22.225821,13.472074,35.697895,8.520621,4.49847,56.098246,6.3120829999999994,5.328899,80.758319,5.689077,27.291315,6.091392999999999,39.071785,0.685373,156.213372,,,,153.46717508384,0.0
2004-06-30,2004,6,19.560395,10.571922,30.132317,7.242093,8.600194,56.363690999999996,8.070731,4.35338,84.63008899999998,3.213466,30.13714,4.5578769999999995,37.908483,1.399065,154.069954,,,,152.14741928343,0.0
2004-07-31,2004,7,18.990458000000004,11.764539,30.754997000000003,8.066899000000001,6.962286,59.356343,8.861458,4.593474,87.84046000000001,3.3765210000000003,29.212836,5.417353,38.00671,1.251162,157.853329,,,,156.26944482027,0.0
2004-08-31,2004,8,20.981099,12.993234000000001,33.974333,9.043935999999999,5.688883,46.905795000000005,9.08833,4.532518,75.259462,1.662426,28.516031,9.345939,39.524396,3.317848,152.076039,,,,147.74682041706,0.0
2004-09-30,2004,9,20.685624999999998,13.217388,33.903013,8.62606,6.969936,49.215905,11.98046,4.200091,80.992452,2.568155,37.045182,9.645885000000002,49.259221999999994,1.8787330000000002,166.03341999999998,,,,162.60899207855996,0.0
2004-10-31,2004,10,20.645825000000002,11.527,32.172825,18.262614,14.189016,54.621058,11.073848,4.906661,103.053197,5.61543,29.736454,8.276715,43.628598999999994,2.36999,181.22461099999998,,,,179.67491042396998,0.0
2004-11-30,2004,11,24.785844,12.926263,37.712107,15.926826,15.366838,52.079972000000005,11.708561,4.425731,99.507928,5.106317000000001,34.340715,15.41122,54.85825200000001,2.045318,194.12360500000003,,,,193.16113431917003,0.0
2004-12-31,2004,12,25.027265999999997,14.867735000000001,39.895001,15.130491,10.645075,58.04745,12.194716,5.309577,101.327309,2.504177,30.725488000000002,12.699760000000001,45.92942500000001,0.710357,187.86209200000002,,,,187.31531851512,0.0
2005-01-31,2005,1,21.099398,11.713525,32.812923,11.138819999999999,10.008094999999999,56.172996,9.681505,4.507984,91.5094,1.895632,34.300822,14.275978,50.472432,1.028354,175.823109,,,,171.41386,0.0
2005-02-28,2005,2,23.120173,12.330895,35.451068,9.670717,7.121913,54.636827000000004,8.563475,4.991647,84.984579,3.8098719999999995,27.505544,11.878121,43.193537,2.306397,165.93558099999998,,,,161.62017899999998,0.0
2005-03-31,2005,3,22.479285,12.119486,34.598771,12.876802,7.333307,53.567768,9.555204,5.596576,88.929657,6.480385000000001,25.066346,7.51252,39.059251,3.540187,166.127866,,,,165.987978,0.0
2005-04-30,2005,4,24.458453,14.936117,39.39457,18.946776999999997,6.793708,66.956756,8.529138,7.230453,108.45683199999999,2.779862,32.177392999999995,9.542231000000001,44.499486,3.3487519999999997,195.69964,,,,195.660527,0.0
2005-05-31,2005,5,23.547659000000003,16.704822999999998,40.252482,16.279514,8.541596,61.193288,9.345785,6.351944,101.71212700000001,2.831319,42.742477,6.175925,51.749721,1.0778370000000002,194.792167,,,,194.768559,0.0
2005-06-30,2005,6,23.306998999999998,14.954101,38.2611,19.07251,8.551681,63.431836000000004,9.57348,6.101502,106.731009,2.016498,34.111667,12.249551,48.37771599999999,1.457692,194.827517,,,,194.80124,0.0
2005-07-31,2005,7,25.25224,18.219461,43.471700999999996,26.574398,5.6527460000000005,63.87337699999999,10.117607,7.610228,113.82835599999999,1.9633869999999998,41.457908999999994,13.44624,56.86753599999999,1.38966,215.55725299999997,,,,215.53736999999998,0.0
2005-08-31,2005,8,26.005701999999996,20.96083,46.966532,22.932087,5.963199,65.380886,10.235107,7.528439,112.03971800000001,2.446179,44.299733,11.567467,58.313379000000005,1.77433,219.093959,,,,218.853926,0.0
2005-09-30,2005,9,24.357887999999996,23.305879,47.66376699999999,23.554069000000002,7.401548,59.696353,9.248123,7.463012,107.363105,4.665442,32.151866,12.52519,49.342498,2.528694,206.89806399999998,,,,206.86665599999998,0.0
2005-10-31,2005,10,25.081484000000003,22.855604,47.937088,31.330541999999998,15.214984,58.32942,10.824731,7.481624,123.18130099999999,4.281855,32.803523,10.401305,47.486683,1.80397,220.409042,,,,220.409042,0.0
2005-11-30,2005,11,30.454244000000003,28.177153999999998,58.631398000000004,26.652051,15.800255,63.079698,13.952894,6.227601,125.71249900000001,3.211309,44.18314900000001,8.63571,56.030168,1.7164640000000002,242.090529,,,,242.090529,0.0
2005-12-31,2005,12,28.068743,30.695064000000002,58.763807,20.491436,15.290833,62.768097,12.331194,6.037601,116.91916099999999,2.63878,50.954742,12.349014,65.942536,1.187206,242.81270999999998,,,,242.81270999999998,0.0
2006-01-31,2006,1,22.17374,10.336565,32.510305,21.459862,11.513831,72.034835,12.065988,7.955693,125.030209,2.773258,48.001363999999995,30.547657,81.322279,2.669957,241.53275000000002,,,,240.10542300000003,0.0
2006-02-28,2006,2,20.833463,9.607925999999999,30.441388999999997,15.688951,6.642830999999999,54.745937,10.234072999999999,5.996651,93.308443,3.021978,32.745909999999995,22.339421,58.107308999999994,1.594529,183.45166999999998,,,,183.44680289457997,0.0
2006-03-31,2006,3,30.530621,11.398309999999999,41.928931,23.046625999999996,7.693457,83.12702,13.681735,6.116413,133.665251,3.7751119999999996,57.387046,27.494505,88.656663,2.0774679999999996,266.328313,,,,266.31544930730996,0.0
2006-04-30,2006,4,26.330754,14.973453999999998,41.304207999999996,24.790741999999998,5.421715,58.220314,14.842283000000002,6.916331,110.19138500000001,3.1594879999999996,51.506882999999995,22.138108,76.804479,1.2579440000000002,229.55801599999998,,,,228.04773450681,0.0
2006-05-31,2006,5,30.409533000000003,18.026887,48.43642,28.931929999999998,10.643319,74.86086000000002,17.774048,7.153094,139.36325100000002,2.684501,64.443192,22.830305,89.95799799999999,1.411552,279.169221,,,,279.12782434987,0.0
2006-06-30,2006,6,28.473657,11.787894,40.261551,20.832777,8.589293000000001,74.21076500000001,14.553761999999999,7.487033,125.67363,2.7936449999999997,56.025101,26.634231,85.452977,1.250927,252.63908500000002,,,,251.12393152605003,0.0
2006-07-31,2006,7,26.098035000000003,10.901299999999999,36.999335,16.363779,6.135051,65.499301,13.568679,7.446536,109.013346,3.2370859999999997,41.386275999999995,28.159806,72.78316799999999,1.650909,220.446758,,,,220.44217189578,0.0
2006-08-31,2006,8,28.661312000000002,11.766445,40.427757,19.488955999999998,5.762002,67.615794,13.90436,8.909726,115.680838,2.685452,52.931304,28.647189,84.26394499999999,3.085933,243.45847299999997,,,,243.458473,0.0
2006-09-30,2006,9,28.052578,11.747098000000001,39.799676000000005,16.846864999999998,6.834889,65.926619,11.781928,6.636606,108.026907,4.080968,44.821405,29.438684000000002,78.341057,2.962413,229.130053,,,,229.11306964596,0.0
2006-10-31,2006,10,30.205595,13.432358999999998,43.63795399999999,20.605084,11.733360999999999,72.90935300000001,16.854128000000003,8.316282,130.41820800000002,3.344008,48.75086400000001,28.652480999999998,80.747353,2.209512,257.013027,,,,255.81142004347,0.0
2006-11-30,2006,11,34.952307000000005,14.083797,49.03610400000001,24.412247999999998,14.872159,71.191653,14.480281999999999,8.505215,133.461557,5.285262,49.41631099999999,26.603960999999998,81.305534,1.77488,265.578075,,,,264.49900543479004,0.0
2006-12-31,2006,12,29.769205,15.624590000000001,45.393795,39.816834,12.731907,70.08193800000001,13.040372000000001,7.222661,142.893712,2.195304,41.431810999999996,24.430012,68.057127,1.1188639999999999,257.463498,,,,254.24151094892002,0.0
2007-01-31,2007,1,29.878724,29.378671999999998,59.257396,17.463481,12.509273,81.741596,14.698902,7.070425,133.483677,2.514188,59.30508100000001,22.019415,83.838684,1.6820339999999998,278.26179099999996,,,,278.252855,0.0
2007-02-28,2007,2,29.74569,24.955148,54.700838000000005,15.663556,9.811674,64.65891899999998,10.640151,7.57131,108.34560999999998,3.7997680000000003,33.962536,15.585420999999998,53.347725,1.262605,217.656778,,,,217.656778,0.0
2007-03-31,2007,3,35.217352,32.098794,67.316146,23.971998,8.784422,83.253392,13.931436999999999,9.798435,139.739684,5.96007,51.897726000000006,18.723557999999997,76.581354,2.556766,286.19395000000003,,,,286.19395000000003,0.0
2007-04-30,2007,4,30.298325,31.093383,61.391707999999994,14.573919,8.673598,79.31341199999999,12.953635,10.460216,125.97478,5.557755,46.985043,19.929206,72.472004,1.447466,261.285958,,,,261.285958,0.0
2007-05-31,2007,5,36.091882999999996,34.999708000000005,71.091591,22.206272,10.231546,86.586132,17.177442,10.470667,146.672059,6.8364519999999995,58.894489,16.464606,82.195547,2.359429,302.318626,,,,302.31197800000007,0.0
2007-06-30,2007,6,31.470971,31.763012,63.233982999999995,17.061581999999998,12.626602,85.643615,15.390595,9.435831,140.158225,4.623086000000001,41.022298,17.728167,63.373551,2.239512,269.005271,,,,269.005271,0.0
2007-07-31,2007,7,32.610122,32.924776,65.534898,15.860671,9.078747,94.05742099999999,18.859187,9.757466,147.61349199999998,4.124917,58.94074199999999,20.219338,83.284997,2.135435,298.56882199999995,,,,298.56882199999995,0.0
2007-08-31,2007,8,38.067849,38.583404,76.651253,22.926171999999998,10.601726,100.951268,21.025964,10.887842,166.392972,5.617364,60.914322000000006,21.047183999999998,87.57887000000001,3.4181919999999995,334.04128699999995,,,,334.04128699999995,0.0
2007-09-30,2007,9,33.625499999999995,35.898213,69.52371299999999,23.34235,11.072528,81.772157,18.325298,8.660261,143.172594,8.428982,50.563053000000004,24.29081,83.28284500000001,3.967279,299.946431,,,,297.68561500000004,0.0
2007-10-31,2007,10,39.792947000000005,43.564682000000005,83.357629,30.34231,16.381674,95.26557000000001,23.032899,11.27783,176.30028299999998,7.250007999999999,67.03637499999999,20.056398,94.34278099999999,2.755115,356.755808,,,,356.755808,0.0
2007-11-30,2007,11,40.666007,39.425399999999996,80.091407,34.42887,17.839355,85.674137,21.965848,8.994009,168.902219,7.085946,63.082945,16.300167000000002,86.469058,2.132694,337.59537800000004,,,,337.59537800000004,0.0
2007-12-31,2007,12,40.419995,44.157327,84.57732200000001,42.594708000000004,19.080894,85.14984600000001,17.579228,8.735556,173.14023200000003,3.957508,61.283871000000005,20.423438,85.66481700000001,2.939273,346.3216440000001,,,,346.3216440000001,0.0
2008-01-31,2008,1,38.788728,43.027801,81.816529,24.003166,17.206869,98.657297,21.50716,9.37795,170.752442,4.477384,72.646672,22.25125,99.375306,3.861686,355.805963,,,,355.805963,0.0
2008-02-29,2008,2,39.741063,33.415711,73.156774,27.433404,14.457433,89.561995,19.214176,10.355469,161.02247699999998,6.429526,59.085786,15.860088,81.3754,6.53301,322.08766099999997,,,,322.08766099999997,0.0
2008-03-31,2008,3,45.982462,41.422855,87.405317,30.19098,12.60267,102.32875,20.671609,8.591053,174.38506199999998,7.603955,56.304644,22.795526,86.704125,10.945698,359.440202,,,,359.440202,0.0
2008-04-30,2008,4,43.87317,47.574193,91.447363,50.584843,17.279043,96.693202,23.093204,10.905104,198.555396,6.918332,62.992555,28.172163,98.08305,4.001158,392.086967,,,,392.086967,0.0
2008-05-31,2008,5,44.705133,45.598852,90.303985,48.242551,15.601161,119.981295,24.463337,11.502838,219.791182,7.324943,85.873582,26.551052,119.749577,6.338575,436.183319,,,,434.183319,0.0
2008-06-30,2008,6,45.153231,47.551405,92.704636,56.176878,11.598235,117.956071,25.315683,10.731514,221.77838100000002,6.037847,74.67902,25.810324,106.52719099999999,5.94463,426.954838,,,,426.954838,0.0
2008-07-31,2008,7,52.110601,54.495744,106.606345,50.248614,17.321086,144.232985,31.179835,12.919968,255.90248800000003,9.294623,108.489517,45.092214,162.876354,4.2266,529.611787,,,,512.811787,0.0
2008-08-31,2008,8,45.798895,45.981954,91.780849,61.295617,16.394995,136.651414,30.187064,12.838359,257.36744899999997,9.21949,66.088588,25.245087,100.55316499999999,10.631112,460.33257499999996,,,,460.33257499999996,0.0
2008-09-30,2008,9,40.752017,47.144429,87.896446,56.754099,12.674093,108.243779,28.109321,10.214897,215.99618900000002,6.046201,70.291031,23.441232,99.778464,4.411315,408.08241399999997,,,,408.08241399999997,0.0
2008-10-31,2008,10,60.442586,61.198,121.640586,68.90186,29.450216,137.232795,32.233384,11.987962,279.80621700000006,17.105334,84.468061,29.474991,131.048386,6.261004000000001,538.756193,,,,538.756193,0.0
2008-11-30,2008,11,46.973732,46.785751,93.75948299999999,54.015356,22.657194,113.806266,25.248497,9.755104,225.48241699999997,9.301165,76.884765,25.589944,111.775874,2.31181,433.32958399999995,,,,433.32958399999995,0.0
2008-12-31,2008,12,49.711219,50.479428,100.190647,27.512854,23.673827,128.157203,27.751308,11.107629,218.202821,7.537309,84.324111,25.385584,117.247004,1.855478,437.49595,,,,437.49595,0.0
2009-01-31,2009,1,44.67467,28.331111,73.005781,33.77515,20.620262,117.775818,22.775224,10.467162,205.41361600000002,3.890103,81.015896,25.729628,110.635627,4.429827,393.48485100000005,,,,393.48485100000005,0.0
2009-02-28,2009,2,39.12581,20.844154,59.969964000000004,28.548297,12.694057,95.75534,18.950119,8.844616,164.792429,5.237,67.670284,15.382888,88.29017199999998,4.302596,317.35516099999995,,,,317.35516099999995,0.0
2009-03-31,2009,3,40.050953,26.950121,67.001074,27.045856,17.986839,106.671683,19.96943,9.556832,181.23064,7.020095,70.009744,37.972065,115.001904,3.850322,367.08394,,,,351.01554,0.0
2009-04-30,2009,4,35.469711,24.45993,59.929641,22.677873,14.808978,96.493029,18.622902,10.477539,163.08032100000003,6.15275,79.569766,20.690794,106.41331,5.195753,334.619025,,,,334.619025,0.0
2009-05-31,2009,5,38.596318,28.777907,67.374225,31.9255,19.179365,89.79023,21.567985,8.924587,171.387667,4.161118,59.50949,24.127696,87.798304,4.451575,331.01177099999995,,,,331.01177099999995,0.0
2009-06-30,2009,6,38.053715,26.309162,64.362877,27.13023,16.949458,97.921914,19.312372,7.909931,169.22390500000003,6.222409,64.255609,28.612368,99.09038600000001,2.345582,335.0227500000001,,,,329.3887500000001,0.0
2009-07-31,2009,7,47.373577,36.566432,83.940009,53.582384,15.187003,95.834031,23.688198,11.661763,199.95337899999998,7.88774,69.064625,23.850559,100.802924,3.736674,388.432986,,,,388.432986,0.0
2009-08-31,2009,8,41.453725,33.38141,74.83513500000001,40.17438,11.571189,95.388199,24.399833,10.408086,181.941687,6.595466,66.267681,33.705808,106.56895499999999,6.595867,369.941644,,,,368.861644,0.0
2009-09-30,2009,9,44.458113,38.538582,82.99669499999999,54.64539,15.821379,93.552061,32.995181,10.280681,207.29469199999997,6.827029,60.14805,30.283524,97.258603,11.740954,399.29094399999997,,,,399.29094399999997,0.0
2009-10-31,2009,10,48.044293,45.263341,93.30763400000001,79.241306,20.911406,106.773326,32.914249,10.982858,250.82314499999995,10.103723,66.455313,24.852885,101.411921,9.260137,454.80283699999995,,,,454.80283699999995,0.0
2009-11-30,2009,11,49.069341,49.392264,98.46160499999999,29.280627,24.942447,100.752171,28.225352,8.116122,191.316719,7.210808,78.366031,46.190144,131.766983,11.865018,433.41032499999994,,,,423.75123899999994,0.0
2009-12-31,2009,12,50.568239,52.222847,102.791086,42.14237,27.583085,107.475056,32.100503,9.269694,218.570708,6.001598,90.13384,32.738965,128.874403,2.687384,452.923581,,,,452.923581,0.0
2010-01-31,2010,1,38.017169,32.750995,70.76816400000001,67.22484,22.645172,86.819347,21.692762,9.5011,207.883221,5.987143,94.78976,19.716457,120.49336,2.429915,401.57466,375.933965,-1.2570712035909373,-0.4264296876975094,399.8911591087115,374.2504641087115
2010-02-28,2010,2,41.918245,25.346309,67.264554,51.503232,13.182387,93.157361,23.017613,7.963721,188.82431400000002,9.665997,57.643313,13.654829,80.96413899999999,2.451204,339.50421100000005,316.166676,-1.0627686695817948,-0.3605174556300922,338.0809248747882,314.74338987478814
2010-03-31,2010,3,53.889469,33.880764,87.77023299999999,65.555524,17.044431,126.432451,26.930588,12.114228,248.077222,9.488186,92.893994,21.349434,123.73161400000001,2.008099,461.587168,429.901015,-1.4449316519122302,-0.49015660474049283,459.6520797433473,427.96592674334727
2010-04-30,2010,4,51.049713,34.71999,85.76970299999999,44.539339,16.110775,117.732969,24.910021,11.024498,214.317602,9.122595,76.797859,20.564995,106.485449,28.141353,434.71410699999996,405.701393,-1.3608094338035408,-0.4616202647988587,432.8916773013976,403.8789633013976
2010-05-31,2010,5,56.642514,38.101636,94.74414999999999,74.836276,17.752787,114.61663,27.17046,11.268542,245.64469499999998,6.343062,96.723864,29.125463,132.19238900000002,2.728831,475.310065,444.639569,-1.4878891897422926,-0.5047288655549952,473.3174469447027,442.64695094470267
2010-06-30,2010,6,54.893067,41.238157,96.131224,50.256844,17.445787,124.287284,25.751761,11.305759,229.04743499999998,5.764246,75.304287,28.109462,109.17799500000001,1.349664,435.706318,406.793497,-1.363915406366616,-0.46267388762172323,433.87972870601163,404.9669077060116
2010-07-31,2010,7,58.614448,47.567308,106.18175600000001,42.13885,25.50625,133.696325,26.786589,13.291641,241.41965499999998,7.008929,81.161187,29.731264,117.90137999999999,1.960771,467.46356199999997,435.895353,-1.4633268506490091,-0.49639671176867906,465.50383843758226,433.9356294375823
2010-08-31,2010,8,59.580877,44.631933,104.21280999999999,40.00426,12.843742,121.384384,27.218924,12.928818,214.380128,8.800241,89.960917,29.970521,128.73167899999999,5.363247,452.687864,420.710731,-1.4170736720526402,-0.4807064879790288,450.7900838399683,418.8129508399683
2010-09-30,2010,9,65.924861,49.01376,114.93862100000001,44.47928,19.142457,135.694741,29.722383,14.455802,243.494663,10.228507,93.859245,70.073594,174.16134599999998,3.142641,535.737271,498.612046,-1.6770477899788148,-0.5688961478805608,533.4913270621406,496.36610206214067
2010-10-31,2010,10,60.807859,52.973257,113.781116,50.868271,19.57461,131.008882,25.814569,16.637373,243.903705,11.194104,82.102616,27.649286,120.946006,2.514198,481.145025,446.286762,-1.506154685354254,-0.5109249740707253,479.12794534057497,444.269682340575
2010-11-30,2010,11,70.103245,53.790941,123.89418599999999,63.866091,28.607741,127.153509,28.456451,13.047665,261.13145699999995,10.762192,102.212223,27.137798,140.112213,2.712018,527.849874,491.294113,-1.652357438152359,-0.5605205690045026,525.6369959928431,489.0812349928431
2010-12-31,2010,12,68.810006,66.359085,135.16909099999998,53.943545,31.210971,139.524234,28.537234,11.163099,264.37908300000004,12.122394,140.127112,37.600801,189.850307,1.195308,590.593789,550.130961,-1.848768159752814,-0.6271479505189863,588.1178728897282,547.6550448897282
2011-01-31,2011,1,58.717803,48.733008,107.450811,56.669974,16.902221,141.946961,39.201958,13.243051,267.964165,8.312886,102.773858,22.447451,133.534195,2.479261,511.428432,474.857312,-1.6009524967657713,0.0,509.8274795032342,473.2563595032342
2011-02-28,2011,2,60.097291,43.700857,103.798148,46.644198,29.47538,128.376412,31.740552,13.516467,249.75300900000002,7.085395,98.927277,19.561372,125.57404400000001,3.565915,482.69111599999997,444.709145,-1.5109944988878847,0.0,481.18012150111207,443.1981505011121
2011-03-31,2011,3,83.720294,51.979683,135.699977,81.615958,26.95681,172.346407,30.394032,13.785677,325.098884,13.715743,111.002509,23.154244,147.872496,3.39224,612.063597,568.464683,-1.9159762783712206,0.0,610.1476207216288,566.5487067216288
2011-04-30,2011,4,79.248046,50.019799,129.267845,97.717737,17.15768,147.887428,28.511675,14.691374,305.965894,10.530705,113.102154,20.890037,144.522896,1.700489,581.457124,538.917311,-1.8201671557244294,0.0,579.6369568442756,537.0971438442756
2011-05-31,2011,5,78.106386,53.877128,131.983514,75.143644,17.896479,144.925053,39.142085,14.235126,291.34238700000003,10.655154,93.381127,26.03564,130.071921,2.736038,556.13386,517.699849,-1.7408963522446208,-3.0888,551.3041636477554,512.8701526477554
2011-06-30,2011,6,68.075402,48.562683,116.63808499999999,155.142846,22.172159,139.493355,36.386559,17.531396,370.726315,13.983158,109.699906,72.666475,196.349539,0.776263,684.490202,637.108958,-2.142697256032897,0.0,682.3475047439671,634.9662607439672
2011-07-31,2011,7,70.374149,83.006179,153.38032800000002,100.303041,19.915324,150.624543,39.933814,14.635017,325.411739,14.145022,174.071818,30.411479,218.62831900000003,1.012788,698.433174,651.505983,-2.1863437067169986,0.0,696.246830293283,649.319639293283
2011-08-31,2011,8,79.294199,116.381953,195.676152,99.78108,20.203521,170.319903,44.983497,17.054575,352.342576,22.031046,131.685667,47.143975,200.86068799999998,3.149265,752.028681,700.834566,-2.3541166645315097,-2.73311994,746.9414443954685,695.7473293954685
2011-09-30,2011,9,83.412262,116.490706,199.902968,100.320548,27.785746,154.113104,40.177509,19.060919,341.45782599999995,16.47241,145.559153,64.602073,226.63363600000002,2.625292,770.619722,719.993658,-2.4123132207730773,0.0,768.207408779227,717.5813447792269
2011-10-31,2011,10,80.210124,105.464768,185.674892,69.34513,33.656036,156.453607,41.708087,17.211199,318.374059,18.52827,138.112821,67.681327,224.32241799999997,4.020362,732.3917309999999,683.109816,-2.2926460419295873,-0.74400014,729.3550848180703,680.0731698180704
2011-11-30,2011,11,84.043488,104.430835,188.474323,68.053463,36.554934,160.156767,39.076111,17.85009,321.691365,17.97317,166.132645,72.402009,256.507824,2.057007,768.7305190000001,718.96188,-2.4063993449099,0.0,766.3241196550902,716.55548065509
2011-12-31,2011,12,84.183859,85.366319,169.55017800000002,112.483733,30.220761,168.510853,43.179619,19.370474,373.76544,17.2554,165.659359,57.555387,240.470146,1.491659,785.277423,733.332314,-2.458197026882621,-1.86099986,780.9582261131173,729.0131171131173
2012-01-31,2012,1,64.34654,59.753229,124.09976900000001,103.195488,21.498696,149.254788,39.004486,16.475922,329.42938,17.024262,113.243081,35.089142,165.35648500000002,15.770913,634.656547,589.488212,-1.98670023004977,0.0,632.6698467699503,587.5015117699502
2012-02-29,2012,2,72.293644,58.358719,130.652363,68.148092,21.290835,153.032477,38.6942,18.188899,299.354503,25.727018,108.746033,50.963411,185.436462,2.229921,617.673249,575.564615,-1.9335364799819657,0.0,615.7397125200181,573.631078520018
2012-03-31,2012,3,86.231598,66.955878,153.187476,83.72073,30.595704,167.55736,40.463965,20.327441,342.6652,26.318631,144.635828,34.597721,205.55218000000002,5.432246,706.837102,658.042388,-2.2126509838889485,0.0,704.624451016111,655.829737016111
2012-04-30,2012,4,71.423003,53.936055,125.359058,130.954295,18.369884,137.57722,34.136193,15.728079,336.765671,15.335789,107.366443,34.247532,156.94976400000002,3.469826,622.5443190000001,580.334033,-1.9487846578119008,-4.2,616.3955343421882,574.1852483421881
2012-05-31,2012,5,87.884187,70.538163,158.42235,130.917362,18.989169,172.99937,31.160672,20.430488,374.49706100000003,15.954759,178.133568,38.789798,232.87812499999998,2.231389,768.0289250000001,715.280052,-2.404203106696034,-1.9968,763.627921893304,710.8790488933039
2012-06-30,2012,6,82.848554,59.394362,142.24291599999998,64.146575,19.170537,159.829503,29.012626,19.440141,291.599382,15.130296,125.550396,39.134785,179.815477,4.638819,618.2965939999999,575.965478,-1.9354877710554668,-0.8112,615.5499062289445,573.2187902289445
2012-07-31,2012,7,89.475485,72.087196,161.562681,121.974836,20.590907,163.223785,35.140466,22.552326,363.48231999999996,15.482309,140.985043,38.707125,195.174477,7.641668999999999,727.861147,676.767025,-2.2784637061172384,0.0,725.5826832938827,674.4885612938828
2012-08-31,2012,8,99.591991,70.30936,169.90135099999998,105.820429,22.621315,192.091608,37.265669,27.107096,384.906117,15.138352,149.579163,38.200417,202.917932,3.035776,760.761176,708.240768,-2.3814524730210236,-3.6017,754.7780235269789,702.257615526979
2012-09-30,2012,9,83.035233,70.12723,153.162463,53.653236,21.869918,162.950007,35.322189,22.016651,295.812001,15.321463,119.863482,56.049217,191.234162,6.940599000000001,647.149225,603.491524,-2.025806745808344,-0.8346,644.2888182541916,600.6311172541916
2012-10-31,2012,10,104.069032,85.510546,189.57957800000003,128.619899,35.764716,175.212622,57.374749,26.687666,423.65965199999994,21.946868,130.580455,56.730884,209.258207,6.199413000000001,828.69685,773.035016,-2.594115242833097,0.0,826.1027347571669,770.4409007571669
2012-11-30,2012,11,94.821979,85.289105,180.111084,132.364916,39.16793,164.904891,40.851883,20.817747,398.10736699999995,21.025518,145.591412,47.527767,214.144697,7.306803,799.669951,748.518485,-2.503250747392965,0.0,797.166700252607,746.0152342526071
2012-12-31,2012,12,99.916316,94.108178,194.024494,94.909085,39.565473,165.042728,40.753137,23.10007,363.370493,18.626001,202.597001,71.661845,292.88484700000004,7.631327,857.911161,804.567132,-2.6855664043452547,-0.3588,854.8667945956547,801.5227655956547
2013-01-31,2013,1,93.3733,77.936987,171.31028700000002,102.125677,28.415311,177.412812,39.535736,26.871187,374.360723,21.453598,160.91006,56.776895,239.14055299999998,4.295355,789.106918,737.813687000002,-2.470184705310327,-7.228,779.4087332946897,728.1155022946917
2013-02-28,2013,2,77.345461,66.335098,143.68055900000002,51.410364,24.345467,155.856853,36.899639,21.144033,289.65635599999996,18.597543,144.658683,39.150398,202.406624,2.653825,638.3973639999999,597.30616929001,-1.998410314865887,-1.2168,635.182153685134,594.0909589751441
2013-03-31,2013,3,90.822286,76.40069,167.22297600000002,126.545859,28.268018,177.138593,38.907462,25.686937,396.54686899999996,19.405566,135.069587,42.020085,196.495238,7.622959,767.888042,716.4131156700053,-2.403762092907028,0.0,765.484279907093,714.0093535770982
2013-04-30,2013,4,92.166629,82.102643,174.269272,91.792153,26.657525,171.603522,43.102444,22.189676,355.34532,15.803047,180.777973,55.727316,252.308336,5.234013,787.156941,738.4561194900065,-2.464080585258617,0.0,784.6928604147413,735.9920389047478
2013-05-31,2013,5,95.240972,76.782887,172.02385900000002,131.267817,24.185023,185.989833,39.737532,23.660676,404.8408810000001,11.26863,182.863865,45.91811,240.05060500000002,2.930372,819.8457170000001,763.7170081400049,-2.5664080552992687,0.0,817.2793089447009,761.1506000847056
2013-06-30,2013,6,81.637798,66.571188,148.208986,64.627088,22.239413,167.080401,33.513155,23.267667,310.72772399999997,14.76499,119.803279,44.808179,179.376448,4.965085,643.278243,602.4654138700084,-2.0136891983470107,-1.3104,639.954153801653,599.1413246716614
2013-07-31,2013,7,93.673645,81.685662,175.359307,109.072058,22.794337,184.304457,41.927344,28.37365,386.471846,10.132833,167.50318,51.306976,228.94298899999998,3.44322,794.2173620000001,743.4423172700116,-2.486182208713466,0.0,791.7311797912866,740.9561350612981
2013-08-31,2013,8,95.778924,76.971731,172.750655,160.328324,26.653769,186.63086,44.175737,24.962064,442.75075400000003,12.376381,200.467201,56.401582,269.245164,6.072347,890.8189199999999,830.774483220011,-2.7885793688923965,0.0,888.0303406311075,827.9859038511186
2013-09-30,2013,9,94.476227,79.717263,174.19349,65.389269,35.618064,149.967748,39.569337,22.827243,313.371661,13.325486,206.925821,55.630175,275.881482,3.334127,766.78076,720.4584320400074,-2.4002959072755576,-1.40551609,762.9749480027244,716.6526200427319
2013-10-31,2013,10,112.417261,102.502502,214.919763,120.066485,48.032527,201.317475,50.317869,27.057297,446.791653,22.464725,176.208775,60.989846,259.663346,2.865381,924.240143,863.5165165000064,-2.8931996579865618,0.0,921.3469433420134,860.6233168420199
2013-11-30,2013,11,96.928031,83.620639,180.54867000000002,104.818057,49.771329,167.452691,41.895617,25.022673,388.960367,18.620899,208.005286,55.884521,282.510706,4.498245,856.5179880000001,802.7942934200082,-2.6812052784218205,-2.34,851.4967827215783,797.7730881415864
2013-12-31,2013,12,102.088001,118.567049,220.65505000000002,116.375254,41.032952,160.940094,48.087702,22.728561,389.164563,15.703716,278.113919,107.002121,400.819756,10.158112,1020.7974810000001,962.3397411200185,-3.1954583938719314,-1.7220100600000001,1015.8800125461281,957.4222726661466
2014-01-31,2014,1,82.327438,91.260401,173.587839,92.738199,35.135884,175.149918,53.255899,22.336958,378.616858,18.394649,213.235745,56.343895,287.974289,3.735153,843.914139,789.1708243899999,-2.6417507579789503,-1.42010546,839.8522827820211,785.108968172021
2014-02-28,2014,2,89.372959,76.687542,166.060501,114.684248,26.693194,175.982707,41.629248,23.046235,382.035632,13.824143,223.647044,38.164782,275.635969,4.360882,828.0929839999999,772.9477204,-2.5922249279426404,0.0,825.5007590720572,770.3554954720573
2014-03-31,2014,3,86.466512,75.079571,161.546083,82.339975,22.910494,180.37525,40.63564,25.073612,351.33497100000005,19.231928,164.761326,55.793024,239.786278,3.04746,755.714792,699.83487117,-2.3656555001526107,-5.2,748.1491364998474,692.2692156698474
2014-04-30,2014,4,91.554726,75.932011,167.486737,88.537414,28.069169,186.760596,55.760611,23.878598,383.00638799999996,18.253409,189.639646,51.991662,259.884717,3.725809,814.1036509999999,757.29594387,-2.548433350875142,0.0,811.5552176491248,754.7475105191248
2014-05-31,2014,5,95.733565,85.028913,180.762478,69.121526,26.396353,182.782595,63.140826,28.178858,369.620158,14.647055,191.738788,41.315178,247.701021,2.549208,800.6328649999999,748.7640720999999,-2.506265009948611,-0.884,797.2425999900513,745.3738070900513
2014-06-30,2014,6,92.35841,81.326458,173.684868,96.757128,27.017756,170.48374,56.976443,23.083133,374.31819999999993,14.03375,171.640678,49.663955,235.33838300000002,3.5376,786.8790509999999,735.0242060899999,-2.4632106909361866,0.0,784.4158403090637,732.5609953990637
2014-07-31,2014,7,104.942233,93.317046,198.259279,114.180098,26.086177,195.374565,66.70952,31.40812,433.75847999999996,19.337605,246.297279,85.473771,351.108655,5.740759,988.867173,927.9718048299999,-3.0955051978495787,-7.228,978.5436678021505,917.6482996321504
2014-08-31,2014,8,89.80379,86.247489,176.05127900000002,108.972102,20.675508,194.960561,45.191503,55.087287,424.88696100000004,21.846838,230.783846,98.17846,350.809144,4.042044,955.789428,896.60381128,-2.9919601167948526,-2.08,950.7174678832051,891.531851163205
2014-09-30,2014,9,105.901339,92.849412,198.75075099999998,111.814424,28.763593,213.673076,45.212733,28.526323,427.990149,18.984663,257.98748,62.243903,339.216046,6.350396,972.3073420000001,907.9524825699999,-3.043667049779099,-10.0231648,959.240510150221,894.8856507202208
2014-10-31,2014,10,108.601354,107.317065,215.918419,173.705896,48.736033,217.846315,50.189619,30.203217,520.6810800000001,21.751702,252.056131,67.495834,341.303667,3.221381,1081.1245470000001,1008.5406241400001,-3.3843035203690306,-5.2,1072.540243479631,999.956320619631
2014-11-30,2014,11,106.77294,93.777403,200.550343,67.986723,40.960791,192.384131,44.900641,29.009035,375.24132099999997,23.382346,197.777255,95.442666,316.602267,4.084447,896.4783779999999,837.46267875,-2.806295480959159,-8.2551648,885.4169177190407,826.4012184690408
2014-12-31,2014,12,112.061632,110.836705,222.898337,94.724139,45.990602,199.357152,53.010557,33.792394,426.874844,22.022378,197.762067,74.905482,294.689927,5.733454,950.196562,888.22900624,-2.9744524613214147,-2.24641006,944.9756994786785,883.0081437186785
2015-01-31,2015,1,87.835243,95.8189,183.654143,62.445483,26.966756,172.009438,44.21862,27.400021,333.04031799999996,15.872329,162.755458,71.356275,249.984062,4.310577,770.9890999999999,717.255229098263,-2.5156783,-5.044,763.4294216999999,709.6955507982631
2015-02-28,2015,2,84.152772,79.487355,163.640127,109.431184,23.288496,158.957387,42.250594,25.851954,359.779615,15.793988,201.288658,48.073061,265.155707,5.175856,793.751305,739.38878467,-2.30708854,0.0,791.44421646,737.08169613
2015-03-31,2015,3,104.668111,86.649898,191.318009,76.552085,27.565764,198.865427,45.834609,31.023003,379.84088800000006,20.665239,190.352967,83.872689,294.890895,5.06732,871.117112,812.8384618699998,-3.4734293299999996,-15.0509,852.59278267,794.3141325399998
2015-04-30,2015,4,98.254758,73.860538,172.115296,56.949057,27.085654,175.300978,44.689461,23.284069,327.309219,13.703666,190.071099,60.163564,263.938329,3.689433,767.052277,716.3556524799991,-2.24615868,-6.24,758.56611832,707.8694937999991
2015-05-31,2015,5,88.651761,78.037209,166.68896999999998,83.649282,21.900585,166.428652,47.079421,25.63762,344.69556,12.244342,186.706009,67.751541,266.701892,1.514632,779.601054,727.1672471199998,-3.6553502500000024,-13.852810060000001,762.09289369,709.6590868099998
2015-06-30,2015,6,87.934625,68.233215,156.16784,63.170703,35.684018,189.459401,40.816453,26.936343,356.06691800000004,11.75038,179.621401,45.035106,236.40688699999998,4.757602,753.3992470000001,703.225557289999,-2.3676407500000005,0.0,751.0316062500001,700.857916539999
2015-07-31,2015,7,103.775075,83.640038,187.41511300000002,165.768214,23.429665,179.260592,43.427131,26.825649,438.71125100000006,12.932221,171.764484,41.116436,225.813141,9.055844,860.995349,801.09756393,-3.6264887600000004,0.0,857.36886024,797.47107517
2015-08-31,2015,8,97.348389,80.06684,177.415229,53.079074,24.682405,156.34858,37.107118,24.831374,296.048551,13.093158,200.849541,64.857685,278.800384,8.181809,760.445973,711.059870230001,-3.66880485,-10.85761006,745.91955809,696.533455320001
2015-09-30,2015,9,111.001569,90.44322,201.44478900000001,73.897338,32.915508,175.674526,43.79761,26.141384,352.42636600000003,11.626555,161.750538,66.68391,240.061003,7.539482,801.4716400000001,748.4457209499999,-2.4798254300000004,0.0,798.9918145700001,745.9658955199999
2015-10-31,2015,10,103.12603,96.843644,199.969674,104.473412,34.899026,189.063133,41.058734,24.901035,394.39534,16.215458,208.3868,69.13487,293.737128,5.116314,893.218456,835.7409401900001,-3.50517919,-0.214,889.4992768099999,832.021761
2015-11-30,2015,11,97.742088,93.531909,191.273997,104.51115,36.757747,158.66827,34.41687,25.006936,359.36097300000006,11.030681,161.60667,62.336927,234.974278,4.08109,789.6903380000001,736.5644672489489,-2.6971202199999986,-12.57985,774.4133677800002,721.2874970289489
2015-12-31,2015,12,107.143483,127.902064,235.045547,146.694935,47.131953,171.695525,44.128216,24.665752,434.31638100000004,12.22239,211.113026,105.900989,329.236405,2.747867,1001.3462000000001,938.2171616564455,-2.6906149000000004,-16.38522012,982.2703649800001,919.1413266364455
2016-01-31,2016,1,73.712588,81.348562,155.06115,42.937611,25.165445,136.908622,42.874253,26.144046,274.02997700000003,6.922272,162.189202,89.71158,258.82305399999996,1.75528,689.669461,647.30191452,-2.61274468,-12.57985,674.47686632,632.10931984
2016-02-29,2016,2,79.506763,71.820987,151.32775,40.481927,23.054633,138.372988,38.446904,20.837181,261.193633,9.478843,151.3632,60.282052,221.124095,2.058474,635.703952,596.2487105600001,-2.58897516,-9.73441006,623.38056678,583.9253253400001
2016-03-31,2016,3,108.042116,81.052432,189.09454799999997,49.283466,23.279662,169.915286,48.339144,23.803079,314.620637,10.975269,140.625288,36.560184,188.160741,4.463988,696.3399139999999,647.4644958800001,-2.47344021,0.0,693.8664737899999,644.99105567
2016-04-30,2016,4,93.97438,71.427158,165.40153800000002,32.192676,27.142142,159.462597,41.216004,23.014152,283.027571,8.465895,159.416442,50.789406,218.671743,2.905276,670.006128,626.24322624,-2.38908403,0.0,667.6170439699999,623.85414221
2016-05-31,2016,5,97.82409,73.246062,171.070152,57.037538,22.729768,161.988971,39.032396,23.350088,304.13876099999993,7.921314,149.728992,45.574129,203.224435,6.113312,684.54666,639.36541857,-2.66169294,0.0,681.88496706,636.70372563
2016-06-30,2016,6,96.361119,70.832033,167.193152,75.465886,29.77502,161.922214,49.029205,25.08216,341.27448499999997,11.266437,148.079499,42.531437,201.87737299999998,1.326493,711.671503,662.58581284,-2.30825129310345,0.0,709.3632517068966,660.2775615468965
2016-07-31,2016,7,93.913546,84.029523,177.94306899999998,64.953875,19.871406,147.77444,38.96819,26.593353,298.16126399999996,10.139003,142.746064,102.46678,255.351847,8.109191,739.5653709999999,693.3889757999999,-3.1386504310344803,0.0,736.4267205689654,690.2503253689654
2016-08-31,2016,8,92.21058,85.987915,178.19849499999998,52.243065,19.904307,169.833988,44.995836,24.531642,311.50883799999997,8.66898,133.441852,54.789788,196.90062,9.22426,695.8322129999999,647.03925434,-2.42609870689655,0.0,693.4061142931033,644.6131556331034
2016-09-30,2016,9,98.552371,79.884257,178.43662799999998,72.499557,27.366759,170.531613,42.580134,23.619647,336.59770999999995,7.107799,146.984347,42.162951,196.255097,4.806189,716.0956239999998,662.7822351199999,-2.36236551724138,0.0,713.7332584827584,660.4198696027585
2016-10-31,2016,10,84.574466,78.585746,163.160212,108.272987,33.43147,163.132318,37.595242,20.270562,362.70257899999996,9.210297,127.912049,45.405641,182.527987,4.676749,713.0675269999999,657.5681774399999,-1.53296752873563,-2.70401005747126,708.830549413793,653.331199853793
2016-11-30,2016,11,103.699368,83.587873,187.287241,81.382685,40.125651,183.749286,39.516038,21.343814,366.11747399999996,7.800108,149.903163,44.163719,201.86699,3.939655,759.2113599999999,704.9638850599999,-2.5293191091954,0.0,756.6820408908045,702.4345659508045
2016-12-31,2016,12,108.556012,110.830064,219.386076,88.966127,39.063412,170.713514,38.530233,23.503373,360.77665900000005,7.742249,191.748855,69.521134,269.01223799999997,2.926233,852.101206,799.0176514200001,-1.1547906609195402,0.0,850.9464153390805,797.8628607590806
2017-01-31,2017,1,84.864895,90.587946,175.452841,58.696905,32.538892,170.880555,40.737561,25.852032,328.70594500000004,6.03761,148.71955,46.461485,201.218645,5.463141,710.8405720000001,663.2875280599999,-2.605119109195401,0.0,708.2354528908047,660.6824089508045
2017-02-28,2017,2,84.796096,75.376582,160.17267800000002,74.964169,25.657076,154.763598,34.169038,26.176555,315.730436,11.129541,182.095946,41.667227,234.89271399999998,4.966328,715.762156,665.47890306,-1.8771887931034488,0.0,713.8849672068966,663.6017142668966
2017-03-31,2017,3,107.897649,88.110465,196.008114,93.991651,33.92555,189.450538,46.130244,28.299687,391.79767000000004,9.697584,168.752881,51.887685,230.33815,9.847428,827.9913620000001,770.33360413,-2.867360919540232,0.0,825.1240010804598,767.4662432104598
2017-04-30,2017,4,92.442461,74.089643,166.532104,37.359937,22.312023,155.919314,45.925754,27.396502,288.91353,10.141222,161.289872,41.201501,212.632595,4.966235,673.044464,628.7134200600001,-2.014381752873563,-1.87201006,669.1580721871264,624.8270282471266
2017-05-31,2017,5,110.402576,85.367644,195.77022,80.95033,22.06117,175.809022,45.074676,24.745121,348.640319,9.691757,170.23486,78.59107,258.517687,4.232067,807.1602929999999,751.19849281,-2.7114099137931036,0.0,804.4488830862068,748.4870828962069
2017-06-30,2017,6,90.033421,88.692494,178.725915,57.237085,24.529103,175.124154,31.851962,23.029541,311.77184500000004,13.610629,176.533275,42.868515,233.012419,5.882738,729.392917,679.2681139100001,-2.0639606321839072,0.0,,677.2041532778162
2017-07-31,2017,7,95.381347,93.167557,188.548904,74.687509,25.007115,159.933753,38.692936,27.34407,325.665383,13.052687,155.929595,53.242833,222.225115,2.67198,739.111382,684.3610360499999,-2.608865660919539,-5.2,,676.5521703890804
2017-08-31,2017,8,101.446991,108.24698,209.69397099999998,113.011359,28.887808,183.294782,47.113511,25.317949,397.625409,15.801401,186.01354,56.205572,258.020513,5.94058,871.280473,806.33613631,-1.6852077586206897,0.0,,804.6509285513794
2017-09-30,2017,9,107.02418,98.165974,205.190154,91.792978,32.189214,156.316546,38.698821,26.1411,345.13865899999996,11.337374,205.064553,56.071326,272.473253,2.247291,825.049357,767.5515967800001,-1.619496839080459,0.0,,765.9320999409196
2017-10-31,2017,10,100.74991,116.598556,217.348466,59.111094,50.666539,184.576733,42.371577,25.060517,361.78646000000003,11.739126,151.022577,43.384617,206.14632,2.758127,788.0393730000001,734.26730202,-1.5112948275862064,0.0,,732.7560071924138
2017-11-30,2017,11,113.398222,90.086938,203.48516,79.522073,47.441951,183.819876,49.697127,25.234565,385.715592,9.16433,174.745912,55.988226,239.898468,3.751333,832.850553,774.34782238,-1.89776514367816,0.0,,772.4500572363219
2017-12-31,2017,12,105.47902,96.266243,201.74526300000002,116.222271,44.504691,180.562979,40.379802,23.330794,405.000537,8.470385,190.249611,46.559717,245.279713,1.140293,853.1658060000001,794.14628286,-1.6761856034482747,-6.2105433933333325,,786.2595538632185
2018-01-31,2018,1,95.797274,81.440281,177.237555,81.925158,40.725652,183.784617,47.917062,24.856737,379.209226,13.454147,236.14578,41.822624,291.422551,2.8656810000000004,850.735013,794.604153,-1.68807212643678,-6.24,848.2536868735633,786.6760808735633
2018-02-28,2018,2,83.557174,69.494976,153.05214999999998,48.25679,28.63193,148.482468,36.80203,20.736393,282.90961100000004,14.719655,187.485268,34.336052,236.54097499999997,0.642718,673.145454,628.331096,-1.5227599137931,0.0,,626.8083360862069
2018-03-31,2018,3,104.104742,74.116755,178.221497,60.929965,32.598132,182.165978,46.069348,24.894296,346.657719,11.228591,193.756443,32.215722,237.20075599999998,0.9407190000000001,763.020691,712.180837,-1.53734468390805,0.0,,710.643492316092
2018-04-30,2018,4,98.101107,76.574313,174.67542,139.104265,32.092353,162.753215,42.7282,21.290574,397.968607,10.406773,187.223489,37.958277,235.588539,0.553868,808.786434,750.345323,-1.90460474137931,-0.210176005747126,,748.2305422528735
2018-05-31,2018,5,97.969328,89.918295,187.88762300000002,58.084003,35.802903,183.677897,43.816125,23.58991,344.97083799999996,9.910787,167.181406,38.167658,215.25985100000003,8.973370000000001,757.091682,709.208219,-1.86757916666667,0.0,,707.3406398333333
2018-06-30,2018,6,86.640682,75.572705,162.213387,71.937595,22.588497,166.93551,39.597658,22.0296,323.08886,11.301481,249.5216,40.260503,301.083584,6.348184,792.734015,743.778682,-1.61759252873563,0.0,,742.1610894712644
2018-07-31,2018,7,100.411994,98.284113,198.696107,88.628319,25.681436,185.158348,48.034886,26.69958,374.202569,11.057208,203.798049,39.48425,254.339507,0.5346569999999999,827.77284,776.712172,-2.16986451149425,0.0,,774.5423074885058
2018-08-31,2018,8,103.81963,88.017579,191.837209,104.529423,34.107777,197.419286,51.096992,26.342286,413.495764,11.489097,213.775038,31.245365,256.5095,1.170334,863.012807,807.471892,-1.95391594827586,0.0,,805.5179760517242
2018-09-30,2018,9,97.73818,73.902129,171.640309,111.0474,31.924841,164.237322,40.73516,21.867681,369.812404,11.682769,163.51099,26.54536,201.739119,0.680356,743.872188,692.947015,-1.55133261494253,0.0,,691.3956823850574
2018-10-31,2018,10,125.79708,92.742989,218.540069,202.751804,50.371282,206.848469,53.046134,27.271264,540.288953,18.501575,221.623864,30.696489,270.821928,0.654938,1030.305888,956.85523,-1.66091307471264,0.0,,955.1943169252874
2018-11-30,2018,11,114.426563,100.997034,215.423597,170.121369,42.516677,200.004935,61.472014,24.378383,498.49337799999995,15.787282,162.163478,41.874343,219.825103,6.5107040000000005,940.252782,873.358386,-1.83400653735632,0.0,,871.5243794626437
2018-12-31,2018,12,100.794978,104.59848,205.393458,126.257297,49.608014,186.558182,52.425732,23.594334,438.443559,10.977526,253.820394,38.374288,303.17220799999996,4.172855,951.18208,883.586134,-1.6761856034482747,0.0,,881.9099483965517
2019-01-31,2019,1,97.435981,98.537349,195.97333,149.242015,36.019957,210.485195,54.28396,27.334556,477.365683,19.615543,168.652809,34.467965,222.73631699999999,3.156928,899.232258,832.3578693399999,-2.1465956178160903,0.0,885.3039793821839,830.2112737221838
2019-02-28,2019,2,96.180494,103.673744,199.854238,117.441291,28.250572,188.346297,49.765024,25.805072,409.608256,21.432365,179.094613,29.068155,229.595133,1.274529,840.332156,778.0759775999999,-1.6999743534482743,0.0,,776.3760032465516
2019-03-31,2019,3,89.433538,80.443687,169.877225,127.328625,26.413877,169.155195,34.437434,25.99124,383.326371,12.638788,118.036158,33.661326,164.336272,0.561406,718.1012740000001,663.41114578,-2.202352801724141,0.0,,661.2087929782758
2019-04-30,2019,4,97.402192,108.285429,205.68762099999998,129.614955,23.669879,188.576404,38.228078,25.289859,405.379175,14.834214,126.257608,34.209123,175.300945,8.430401,794.798142,738.0037761799999,-1.9594932471264364,-0.963,,735.0812829328735
2019-05-31,2019,5,106.794629,88.709764,195.504393,221.095864,25.897504,196.6284,38.645209,26.866488,509.133465,11.600847,169.010357,32.623073,213.234277,8.372929,926.2450640000001,858.53787974,-2.289494540229887,0.0,,856.2483851997702
2019-06-30,2019,6,85.333703,111.930371,197.264074,102.495813,24.638413,166.54049,42.820299,24.014566,360.50958099999997,16.657638,167.033229,26.399543,210.09041,0.449091,768.3131559999999,718.3029700799999,-1.8407765804597687,0.0,,716.4621934995401
2019-07-31,2019,7,105.027555,94.942346,199.969901,116.855373,25.559611,190.842951,49.852497,30.198671,413.30910299999994,16.773418,151.988223,34.242885,203.004526,0.594207,816.8777369999999,760.0590854000001,-2.3893650862068947,0.0,,757.6697203137932
2019-08-31,2019,8,99.430666,101.085005,200.515671,111.997584,26.769776,193.083555,48.071887,28.497824,408.42062599999997,16.638399,173.761368,62.297704,252.697471,0.599759,862.2335269999999,804.41870927,-1.819561853448275,-22.5472,,780.0519474165518
2019-09-30,2019,9,91.517176,93.339616,184.856792,74.223196,29.350035,171.884729,48.670367,23.323083,347.45140999999995,20.619592,138.881084,47.133934,206.63461,0.667904,739.610716,690.05597759,-1.5854147270114944,0.0,,688.4705628629885
2019-10-31,2019,10,101.042299,91.09016,192.13245899999998,112.64175,39.456951,178.974501,51.037264,24.629643,406.740109,15.377326,134.45329,34.183063,184.01367900000002,0.646611,783.532858,728.8126637900001,-1.5861039511494233,0.0,,727.2265598388507
2019-11-30,2019,11,80.641017,49.553225,130.194242,102.690736,22.635659,121.193957,29.819129,15.923971,292.263452,13.467078,138.526808,67.858082,219.85196799999997,0.364752,642.6744139999998,600.89531408,-1.8658858405172398,0.0,,599.0294282394829
2019-12-31,2019,12,136.142809,122.216116,258.358925,202.856256,74.274884,198.811552,48.156386,30.435086,554.5341639999999,12.669219,149.884765,56.492001,219.04598499999997,0.479087,1032.4181609999998,959.4926296,-1.6761856034482747,0.0,,957.8164439965517
2020-01-31,2020,1,98.95216,99.963413,198.915573,48.688962,32.297174,188.952803,54.824567,23.636906,348.400412,18.393544,148.840843,60.13968,227.374067,0.42159,775.1116420000001,719.50120017,-2.31117187,-26.676,,690.5140283
2020-02-29,2020,2,82.479981,78.644262,161.12424299999998,67.496613,30.805144,157.613169,39.623338,21.711937,317.25020099999995,19.945767,99.752251,42.816364,162.514382,0.566368,641.4551939999999,595.93205956,-2.46634906,-23.6808,,569.7849105
2020-03-31,2020,3,85.481724,70.038246,155.51997,43.594333,21.374807,139.958571,26.670213,18.195255,249.79317899999998,14.759625,113.945326,21.642825,150.34777599999998,0.392051,556.052976,515.2160572,-1.5435682199999996,0.0,,513.67248898
2020-04-30,2020,4,66.004028,16.842727,82.846755,2.155204,17.44196,86.082149,7.849778,8.95367,122.48276100000001,3.277111,74.117374,1.183449,78.577934,0.035781,283.94323099999997,263.23170254,-0.8810309099999999,0.0,,262.35067163
2020-05-31,2020,5,79.278891,35.331498,114.610389,3.818432,20.100494,122.160543,19.801014,16.930947,182.81143000000003,4.953456,72.325001,21.360458,98.638915,0.115412,396.176146,366.93965298,-1.0195313000000001,-13.4784,,352.44172168
2020-06-30,2020,6,94.165138,48.190211,142.355349,65.22203,24.818743,129.962064,27.724398,16.783515,264.51075000000003,10.823995,95.875808,10.033742,116.733545,0.125996,523.7256400000001,483.93058659,-2.36394945,0.0,,481.56663714
2020-07-31,2020,7,107.476428,68.624373,176.100801,43.309643,29.274725,146.6608,24.47877,14.649368,258.37330599999996,8.955,100.919854,17.401457,127.27631099999999,0.209106,561.9595239999999,519.01453177,-1.00012155,-0.963,,517.05141022
2020-08-31,2020,8,85.010934,63.043281,148.054215,16.182869,24.823774,125.233806,25.091172,16.199038,207.530659,9.875984,103.264934,16.426482,129.5674,0.205789,485.358063,450.22807675,-0.83614367,0.0,,449.39193308
2020-09-30,2020,9,107.084701,74.548451,181.633152,65.793986,43.7159,146.816157,38.150803,19.428458,313.905304,11.205644,100.402639,17.642353,129.250636,0.323302,625.112394,573.88216089,-0.9836358035427033,0.0,,572.8985250864573
2020-10-31,2020,10,102.410249,75.38867,177.798919,117.150771,52.630157,148.829125,33.807738,23.506538,375.92432899999994,12.369232,110.782265,17.844886,140.99638299999998,0.310255,695.029886,640.5391537,-1.1571449126812139,0.0,,639.3820087873188
2020-11-30,2020,11,91.279188,73.401935,164.681123,49.860699,39.378665,147.979338,30.64449,20.261822,288.125014,10.672324,110.313363,24.309737,145.295424,0.391964,598.4935250000001,550.5133884400001,-1.0395007034310257,0.0,,549.473887736569
2020-12-31,2020,12,98.344235,83.899906,182.244141,207.335263,35.417252,170.432354,31.936542,25.073827,470.19523799999996,9.817452,102.34198,47.740842,159.90027400000002,0.505988,812.845641,736.37274163,-1.0395007034310257,0.0,,735.3332409265689
2021-01-31,2021,1,74.84135,61.953024,136.794374,108.883146,22.331324,147.598833,34.314962,21.522942,334.651207,17.496266,74.440025,12.546982,104.48327300000001,0.314438,576.243292,523.2901751583015,-1.39598442,0.0,,521.8941907383015
2021-02-28,2021,2,82.480867,67.502534,149.98340100000001,63.302131,24.294496,156.263342,43.163582,20.581055,307.604606,14.837732,144.296867,38.835972,197.97057099999998,0.323958,655.882536,600.1073736797505,-1.2848286,-23.6808,,575.1417450797505
2021-03-31,2021,3,105.170562,82.794995,187.965557,56.672002,30.903672,192.564078,49.33567,27.95373,357.429152,15.653625,104.912926,20.043287,140.609838,0.385465,686.3900119999998,624.0250730083527,-1.9428542199999996,0.0,,622.0822187883527
2021-04-30,2021,4,84.267526,77.354253,161.621779,111.091572,22.476755,170.404274,38.035527,22.496005,364.504133,15.422191,104.021325,20.129751,139.573267,0.503281,666.20246,608.636085001322,-2.4051248800000007,0.0,,606.230960121322
2021-05-31,2021,5,85.601238,84.183188,169.784426,99.122649,25.368002,180.10796,44.8024,25.511972,374.912983,12.283962,106.051799,20.679243,139.015004,0.281131,683.9935439999999,623.1461562035059,-1.40537283,0.0,,621.7407833735059
2021-06-30,2021,6,91.933129,90.533895,182.46702399999998,145.027297,33.930115,194.89672,47.206235,28.104758,449.165125,14.806281,95.211812,18.34938,128.367473,0.283987,760.2836090000001,689.1346707369421,-2.85809892,0.0,,686.2765718169421
2021-07-31,2021,7,89.210459,83.54856,172.759019,145.349266,26.93563,182.039887,56.469213,25.995299,436.78929500000004,11.727255,100.642189,31.835009,144.204453,0.306449,754.059216,682.8721167128997,-1.06530774,0.0,,681.8068089728997
2021-08-31,2021,8,100.784807,90.958012,191.742819,105.937881,42.899731,182.246087,45.081423,28.705424,404.870546,15.032106,107.022581,27.624734,149.679421,0.415223,746.708009,673.1570584366822,-3.092839419999999,0.0,,670.0642190166822
2021-09-30,2021,9,97.416916,94.449575,191.866491,157.193254,41.458633,171.845403,44.009996,23.833925,438.34121100000004,14.594786,96.505778,30.403852,141.504416,0.350305,772.0624230000001,700.432477178902,-2.8664082799999973,0.0,,697.566068898902
2021-10-31,2021,10,102.946983,99.913153,202.860136,204.107884,67.867894,189.01423,49.264763,28.096835,538.351606,20.525372,121.952256,24.192478,166.670106,0.565241,908.447089,819.0983598190448,-1.732078400000001,-2.964,,814.4022814190448
2021-11-30,2021,11,94.194121,100.40693,194.60105099999998,208.488517,53.138692,185.074068,43.656636,25.674468,516.032381,14.9943,104.853421,27.438067,147.285788,0.348597,858.267817,772.3854357183702,-2.923082149999998,0.0,,769.4623535683702
2021-12-31,2021,12,104.551252,92.031435,196.58268700000002,311.139495,50.875633,206.993374,50.017095,28.333741,647.3593380000001,21.868177,161.47703,24.482788,207.82799500000002,0.470406,1052.240426,951.5956050457191,-2.193244500000001,0.0,,949.4023605457191
2022-01-31,2022,1,92.791989,68.295788,161.087777,65.251015,33.417968,191.720137,39.304277,26.656385,356.349782,18.008886,113.096943,22.312305,153.418134,0.355452,671.211145,602.9569464764028,-2.6928350574712643,-0.23747572,74.64651,600.0266356989315
2022-02-28,2022,2,78.071707,89.009205,167.080912,243.590795,24.995982,215.964792,41.814802,31.702353,558.0687240000001,20.996018,107.31554,17.772119,146.083677,0.39946600000000004,871.632779,782.7003040589801,-1.290934482758622,0.0,,781.4093695762215
2022-03-31,2022,3,100.877204,100.559601,201.436805,152.227051,42.025632,232.679492,42.807223,35.116767,504.85616500000003,23.239381,125.429228,26.270795,174.939404,0.474835,881.7072089999999,792.8751185351628,-2.761714511494253,0.0,,790.1134040236685
2022-04-30,2022,4,94.606294,85.290763,179.897057,214.76732,38.920248,216.785865,42.737841,32.925254,546.136528,17.086804,134.139595,27.054898,178.28129700000002,0.30560200000000004,904.620484,819.0207124221498,-3.5301015804597697,0.0,,815.49061084169
2022-05-31,2022,5,108.817115,86.470826,195.287941,184.240474,40.329233,248.126457,39.745295,35.0818,547.5232589999999,21.259016,132.633544,25.01729,178.90985,0.42984999999999995,922.1508999999999,840.8196499276601,-3.403413505747126,-1.25,,836.1662364219129
2022-06-30,2022,6,103.999785,87.678626,191.678411,343.491958,33.215807,221.610939,41.426549,37.666258,677.411511,30.440191,121.976697,26.975867,179.392755,0.362263,1048.84494,960.6677765438797,-3.862775862068968,-10.28160244,,946.5233982418107
2022-07-31,2022,7,99.202139,96.584394,195.786533,321.283376,32.979306,211.746161,42.102131,35.150183,643.2611569999999,27.975539,131.139131,25.679852,184.794522,0.257699,1024.0999109999998,937.2906324047386,-5.043912931034482,0.0,,932.2467194737042
2022-08-31,2022,8,117.950812,97.054233,215.005045,303.21916,55.902358,240.608685,44.259242,39.196109,683.1855539999999,37.759641,182.083151,36.681995,256.52478699999995,0.264821,1154.9802069999998,1054.8763425200532,-3.880279310344828,-10.28160244,,1040.7144607697085
2022-09-30,2022,9,113.841612,96.463981,210.305593,401.645722,60.790347,232.173399,43.96158,34.283819,772.854867,26.56064,156.01897,26.297595,208.877205,1.230883,1193.268548,1087.5339648002252,-6.9574288793103465,0.0,,1080.576535920915
2022-10-31,2022,10,111.17719,90.341524,201.518714,282.239698,67.664221,221.463235,42.412784,35.033547,648.813485,29.103948,149.959663,31.654436,210.718047,0.938415,1061.988661,967.9608990731464,-5.552498706896552,0.0,,962.4084003662498
2022-11-30,2022,11,100.948014,81.613203,182.561217,343.421635,61.202146,184.200438,26.193911,29.721786,644.7399159999999,15.701949,149.455561,23.204395,188.361905,0.5489200000000001,1016.2119579999999,929.9514742613737,-3.9752471264367806,0.0,,925.976227134937
2022-12-31,2022,12,134.088567,122.267842,256.356409,228.532128,67.80419,229.675455,42.605997,39.504175,608.121945,38.625092,195.672118,45.24532,279.54253,1.107721,1145.128605,1056.5674075288484,-1.8262989942528733,-10.648802439999999,,1044.0923060945954
2023-01-31,2023,1,87.969659,95.912931,183.88259,194.532051,40.191074,191.445329,26.715546,33.155431,486.03943100000004,29.37272,129.840706,40.895099,200.10852500000004,0.229792,870.2603380000002,795.3750825046034,-3.0191863505747127,-10.6488024425287,74.64651,781.7070937115
2023-02-28,2023,2,84.193905,103.320359,187.514264,193.895925,30.243937,167.473244,24.094877,29.231433,444.939416,22.7501,151.890297,45.01985,219.660247,0.398281,852.512208,786.3323127389491,-3.510556465517242,0.0,,782.8217562734319
2023-03-31,2023,3,119.923713,98.098629,218.022342,311.494138,30.687295,233.116119,36.624167,33.643564,645.5652829999999,29.489737,143.877763,37.08301,210.45050999999998,0.425233,1074.4633679999997,994.1186330608075,-4.0297255747126455,0.0,,990.0889074860949
2023-04-30,2023,4,95.871161,84.480361,180.351522,252.022357,29.571648,200.144877,40.846504,26.447486,549.032872,20.244595,126.996815,32.046819,179.288229,0.30702,908.9796429999999,842.6951179994558,-3.9608715517241375,0.0,,838.7342464477316
2023-05-31,2023,5,110.728005,94.180778,204.908783,240.147661,28.582971,186.116764,40.731572,30.977708,526.556676,22.041745,131.674566,84.238755,237.955066,0.383034,969.803559,904.3730674204917,-2.920552011494254,-52.530004885057394,,848.92251052394
2023-06-30,2023,6,99.511301,87.987022,187.498323,191.493347,34.256521,204.286896,34.15562,30.423282,494.61566600000003,23.939389,130.434034,22.126807,176.50023,0.312068,858.926287,794.8469787633098,-2.7329724137931026,0.0,,792.1140063495168
2023-07-31,2023,7,103.475205,91.584356,195.059561,317.410618,39.151491,186.080374,33.323109,35.899057,611.8646490000001,23.919485,153.353646,28.761395,206.034526,0.291406,1013.2501420000002,941.0932428334386,-3.8444300287356317,0.0,,937.248812804703
2023-08-31,2023,8,118.040731,98.395416,216.436147,147.347668,38.859578,217.412813,34.729407,34.977078,473.32654399999996,26.87183,145.684098,33.278651,205.834579,0.564675,896.1619449999998,833.2882308388643,-4.002185201149423,-0.9001524425287359,,828.385893195186
2023-09-30,2023,9,111.298378,87.880648,199.179026,336.620531,48.525845,166.121241,29.813689,27.341563,608.4228689999999,21.517084,154.235733,25.705179,201.45799600000004,0.475764,1009.5356549999999,943.7655794147017,-4.678441810344828,0.0,,939.0871376043569
2023-10-31,2023,10,125.785488,104.794882,230.58037000000002,256.628562,74.777427,202.353587,35.515965,31.107877,600.383418,14.386094,145.361789,30.321256,190.069139,0.611705,1021.644632,952.9006050753887,-3.227098850574711,-0.884,,948.789506224814
2023-11-30,2023,11,122.978476,98.38158,221.360056,289.529983,53.287554,196.486667,26.562377,30.434387,596.300968,17.270833,143.920643,72.865242,234.05671800000002,0.508992,1052.226734,983.57485475824,-2.7260949712643687,-33.731404885057394,,947.1173549019182
2023-12-31,2023,12,113.463388,99.036357,212.499745,258.687637,49.379417,191.37377,30.70318,27.697907,557.841911,15.430373,145.101903,30.250511,190.78278699999998,0.40111,961.525553,898.9505842267486,-2.0537005747126442,0.0,,896.896883652036
2024-01-31,2024,1,90.184225,84.654906,174.839131,209.295696,36.911962,176.793319,26.643358,28.679013,478.323348,15.548704,139.701042,27.707761,182.957507,0.291922,836.411908,781.2319258202705,-2.279532758620689,0.0,74.64651,778.9523930616498
2024-02-29,2024,2,87.796736,78.785851,166.582587,189.538623,36.333429,168.966257,23.260862,24.010838,442.110009,19.150092,134.877686,24.125793,178.153571,0.356164,787.202331,736.3223887576435,-2.1446409482758617,0.0,,734.1777478093676
2024-03-31,2024,3,95.571609,73.685494,169.257103,308.664124,28.624762,172.849974,29.540615,25.055967,564.735442,12.151326,104.935621,20.129835,137.216782,0.36905600000000005,871.578383,813.3782057167147,-1.9122251436781608,0.0,,811.4659805730365
2024-04-30,2024,4,100.997333,65.699671,166.697004,242.947872,25.203532,190.648964,23.076432,24.81184,506.68864,12.588296,121.148264,25.460639,159.197199,0.391524,832.9743669999999,777.5458275008614,-3.691621551724139,0.0,,773.8542059491373
2024-05-31,2024,5,99.479474,68.844826,168.3243,281.201495,23.754133,173.574727,20.727966,20.698389,519.95671,9.596602,114.878275,17.086971,141.561848,0.726997,830.569855,774.9669552528904,-3.573110201149426,0.0,,771.393845051741
2024-06-30,2024,6,94.475477,66.754569,161.230046,151.888192,25.826278,176.435898,16.405278,23.923785,394.479431,9.641654,97.683991,23.421612,130.747257,11.83732,698.294054,650.5981939801628,-2.0191554597701136,0.0,,648.5790385203927
2024-07-31,2024,7,108.598889,71.316351,179.91524,385.240152,26.334058,184.73963,20.008974,26.332903,642.655717,10.639519,194.587797,21.019598,226.246914,5.637541,1054.455412,979.3167030135583,-2.602505172413793,0.0,,976.7141978411445
2024-08-31,2024,8,97.303054,69.266389,166.569443,231.579027,27.376214,177.596492,20.082899,27.138528,483.77316,8.433693,105.072214,24.324496,137.830403,4.011088,792.184094,728.4905864595787,-3.8019902298850567,0.0,,724.6885962296936
2024-09-30,2024,9,89.064851,64.237809,153.30266,155.82641,38.173859,173.821013,22.097796,24.599067,414.518145,8.66211,111.704483,18.37853,138.745123,4.313141,710.8790690000001,652.2231358354011,-4.736715948275862,0.0,,647.4864198871252
2024-10-31,2024,10,90.508758,66.020409,156.529167,253.934766,43.376168,176.751062,23.714586,22.995285,520.771867,10.581156,95.317195,16.194376,122.092727,1.900633,801.294394,740.3021472746427,-5.817687787356322,0.0,,734.4844594872864
2024-11-30,2024,11,93.725072,70.49366,164.218732,229.871984,44.39805,179.718069,21.962334,21.43582,497.386257,6.968347,105.572556,18.210036,130.750939,0.649095,793.0050229999999,733.5250291512184,-3.623924568965517,0.0,,729.9011045822529
2024-12-31,2024,12,109.799082,77.244201,187.043283,245.117304,46.459818,198.061101,24.844048,25.133777,539.616048,11.861473,135.425701,21.193629,168.480803,0.462372,895.602506,824.8309221163605,-4.709786637931034,0.0,,820.1211354784294
2025-01-31,2025,1,83.649931,60.603153,144.253084,192.2333,26.962738,207.546801,26.813964,23.71901,477.275813,9.247077,125.295982,20.339878,154.882937,1.8036889999999999,778.215523,716.0456933401239,-4.051082327586209,0.0,,711.9946110125377
2025-02-28,2025,2,88.373636,64.776388,153.150024,265.286979,29.472463,186.940162,26.045785,25.860344,533.605733,11.972218,93.360676,17.167661,122.500555,0.317664,809.573976,747.98375487118,-3.4176323275862046,0.0,,744.5661225435938
2025-03-31,2025,3,92.620474,58.694991,151.315465,91.732459,29.142228,181.565429,29.76299,26.001219,358.204325,7.977786,104.312816,17.679897,129.970499,0.229493,639.719782,591.5098375855883,-3.729098994252872,0.0,,587.7807385913354
2025-04-30,2025,4,95.612625,63.564601,159.177226,358.82964,24.857493,202.855444,24.472447,28.904639,639.919663,9.363734,97.776989,17.631792,124.772515,0.342049,924.211453,857.4431337721762,-3.3325235632183903,0.0,,854.1106102089578
2025-05-31,2025,5,91.742914,59.893437,151.636351,223.772833,23.238607,202.02453,25.287295,26.976114,501.299379,8.67364,94.359016,16.296504,119.32916,5.760896,778.0257859999999,721.551479224794,-4.251077586206896,0.0,,717.3004016385871
2025-06-30,2025,6,85.255284,49.94881,135.204094,225.290427,21.871314,168.367276,22.326662,21.413539,459.269218,10.212735,97.55711,21.973723,129.743568,11.639896,735.8567760000001,683.5241796911553,-2.9095288793103466,0.0,,680.614650811845
2025-07-31,2025,7,96.928999,69.899464,166.828463,211.971115,29.528153,199.835102,18.966816,29.602548,489.903734,12.915718,121.105998,20.40725,154.428966,3.998013,815.159176,755.5214758077975,-2.5667892241379313,0.0,,752.9546865836596
2025-08-31,2025,8,84.457983,57.441045,141.899028,372.15139,31.440762,192.444753,20.499275,22.192252,638.728432,11.370897,99.892892,20.293251,131.55704,0.358592,912.543092,842.2647637984672,-3.4849206896551714,0.0,,838.7798431088121
